gene_id	gene_symbol	description	scientific_name	common_name	tax_id	genomic_range	orientation	location	gene_type	transcript_accession	transcript_name	transcript_length	transcript_cds_coords	protein_accession	isoform_name	protein_length	protein_name
14254594	S	spike protein	Middle East respiratory syndrome-related coronavirus		1335626	NC_019843.3:21456-25517	+		PROTEIN_CODING			0		YP_009047204.1		1353	spike protein
14254602	orf1ab	1A polyprotein;1AB polyprotein	Middle East respiratory syndrome-related coronavirus		1335626	NC_019843.3:279-21514	+		PROTEIN_CODING			0		YP_009047202.1		7078	1AB polyprotein
14254602	orf1ab	1A polyprotein;1AB polyprotein	Middle East respiratory syndrome-related coronavirus		1335626	NC_019843.3:279-21514	+		PROTEIN_CODING			0		YP_009047203.1		4391	1A polyprotein
1489668	S	spike glycoprotein	SARS coronavirus Tor2		227984	NC_004718.3:21492-25259	+		PROTEIN_CODING			0		YP_009825051.1		1255	spike glycoprotein
1489669	ORF3a	ORF3a protein	SARS coronavirus Tor2		227984	NC_004718.3:25268-26092	+		PROTEIN_CODING			0		YP_009825052.1		274	ORF3a protein
1489671	E	small envelope protein	SARS coronavirus Tor2		227984	NC_004718.3:26117-26347	+		PROTEIN_CODING			0		YP_009825054.1		76	small envelope protein
1489672	M	membrane glycoprotein M	SARS coronavirus Tor2		227984	NC_004718.3:26398-27063	+		PROTEIN_CODING			0		YP_009825055.1		221	membrane glycoprotein M
1489678	N	ORF9a protein;nucleocapsid protein	SARS coronavirus Tor2		227984	NC_004718.3:28120-29388	+		PROTEIN_CODING			0		YP_009825061.1		422	nucleocapsid protein
1489678	N	ORF9a protein;nucleocapsid protein	SARS coronavirus Tor2		227984	NC_004718.3:28120-29388	+		PROTEIN_CODING			0		YP_009825063.1		70	ORF9a protein
1489680	ORF1ab	ORF1a polyprotein;ORF1ab polyprotein	SARS coronavirus Tor2		227984	NC_004718.3:265-21485	+		PROTEIN_CODING			0		NP_828849.7		7073	ORF1ab polyprotein
1489680	ORF1ab	ORF1a polyprotein;ORF1ab polyprotein	SARS coronavirus Tor2		227984	NC_004718.3:265-21485	+		PROTEIN_CODING			0		YP_009944365.1		4382	ORF1a polyprotein
1489740	1ab	ORF1a polyprotein;ORF1ab polyprotein	Infectious bronchitis virus		11120	NC_001451.1:529-20417	+		PROTEIN_CODING			0		NP_066134.1		6629	ORF1ab polyprotein
1489740	1ab	ORF1a polyprotein;ORF1ab polyprotein	Infectious bronchitis virus		11120	NC_001451.1:529-20417	+		PROTEIN_CODING			0		NP_040829.1		3951	ORF1a polyprotein
1489741	2	spike protein	Infectious bronchitis virus		11120	NC_001451.1:20368-23856	+		PROTEIN_CODING			0		NP_040831.1		1162	spike protein
1489745	N	nucleocapsid protein	Infectious bronchitis virus		11120	NC_001451.1:25873-27102	+		PROTEIN_CODING			0		NP_040838.1		409	nucleocapsid protein
1489749	ORF1ab	ORF1a polyprotein;ORF1ab polyprotein	Murine hepatitis virus		11138	NC_001846.1:210-21745	+		PROTEIN_CODING			0		NP_045299.2		7178	ORF1ab polyprotein
1489749	ORF1ab	ORF1a polyprotein;ORF1ab polyprotein	Murine hepatitis virus		11138	NC_001846.1:210-21745	+		PROTEIN_CODING			0		NP_045298.1		4470	ORF1a polyprotein
1489752	S	E2 glycoprotein precursor	Murine hepatitis virus		11138	NC_001846.1:23929-27903	+		PROTEIN_CODING			0		NP_045300.1		1324	E2 glycoprotein precursor
1489757	N	I protein;nucleocapsid protein	Murine hepatitis virus		11138	NC_001846.1:29669-31033	+		PROTEIN_CODING			0		NP_045302.1		454	nucleocapsid protein
1489757	N	I protein;nucleocapsid protein	Murine hepatitis virus		11138	NC_001846.1:29669-31033	+		PROTEIN_CODING			0		NP_068674.1		207	I protein
43740568	S	surface glycoprotein	Severe acute respiratory syndrome coronavirus 2		2697049	NC_045512.2:21563-25384	+		PROTEIN_CODING			0		YP_009724390.1		1273	surface glycoprotein
43740569	ORF3a	ORF3a protein	Severe acute respiratory syndrome coronavirus 2		2697049	NC_045512.2:25393-26220	+		PROTEIN_CODING			0		YP_009724391.1		275	ORF3a protein
43740570	E	envelope protein	Severe acute respiratory syndrome coronavirus 2		2697049	NC_045512.2:26245-26472	+		PROTEIN_CODING			0		YP_009724392.1		75	envelope protein
43740571	M	membrane glycoprotein	Severe acute respiratory syndrome coronavirus 2		2697049	NC_045512.2:26523-27191	+		PROTEIN_CODING			0		YP_009724393.1		222	membrane glycoprotein
43740572	ORF6	ORF6 protein	Severe acute respiratory syndrome coronavirus 2		2697049	NC_045512.2:27202-27387	+		PROTEIN_CODING			0		YP_009724394.1		61	ORF6 protein
43740573	ORF7a	ORF7a protein	Severe acute respiratory syndrome coronavirus 2		2697049	NC_045512.2:27394-27759	+		PROTEIN_CODING			0		YP_009724395.1		121	ORF7a protein
43740575	N	nucleocapsid phosphoprotein	Severe acute respiratory syndrome coronavirus 2		2697049	NC_045512.2:28274-29533	+		PROTEIN_CODING			0		YP_009724397.2		419	nucleocapsid phosphoprotein
43740576	ORF10	ORF10 protein	Severe acute respiratory syndrome coronavirus 2		2697049	NC_045512.2:29558-29674	+		PROTEIN_CODING			0		YP_009725255.1		38	ORF10 protein
43740577	ORF8	ORF8 protein	Severe acute respiratory syndrome coronavirus 2		2697049	NC_045512.2:27894-28259	+		PROTEIN_CODING			0		YP_009724396.1		121	ORF8 protein
43740578	ORF1ab	ORF1a polyprotein;ORF1ab polyprotein	Severe acute respiratory syndrome coronavirus 2		2697049	NC_045512.2:266-21555	+		PROTEIN_CODING			0		YP_009724389.1		7096	ORF1ab polyprotein
43740578	ORF1ab	ORF1a polyprotein;ORF1ab polyprotein	Severe acute respiratory syndrome coronavirus 2		2697049	NC_045512.2:266-21555	+		PROTEIN_CODING			0		YP_009725295.1		4405	ORF1a polyprotein
935184	PEDVgp2	spike protein	Porcine epidemic diarrhea virus		28295	NC_003436.1:20638-24789	+		PROTEIN_CODING			0		NP_598310.1		1383	spike protein
14254597	orf4b	NS4B protein	Middle East respiratory syndrome-related coronavirus		1335626	NC_019843.3:26093-26833	+		PROTEIN_CODING			0		YP_009047207.1		246	NS4B protein
14254601	N	nucleocapsid protein	Middle East respiratory syndrome-related coronavirus		1335626	NC_019843.3:28566-29807	+		PROTEIN_CODING			0		YP_009047211.1		413	nucleocapsid protein
1489673	ORF6	ORF6 protein	SARS coronavirus Tor2		227984	NC_004718.3:26913-27265	+		PROTEIN_CODING			0		YP_009825056.1		63	ORF6 protein
1489674	ORF7a	ORF7a protein	SARS coronavirus Tor2		227984	NC_004718.3:27273-27641	+		PROTEIN_CODING			0		YP_009825057.1		122	ORF7a protein
1489675	ORF7b	ORF7b protein	SARS coronavirus Tor2		227984	NC_004718.3:27638-27772	+		PROTEIN_CODING			0		YP_009825058.1		44	ORF7b protein
1489676	ORF8a	ORF8a protein	SARS coronavirus Tor2		227984	NC_004718.3:27779-27898	+		PROTEIN_CODING			0		YP_009825059.1		39	ORF8a protein
1489677	ORF8b	ORF8b protein	SARS coronavirus Tor2		227984	NC_004718.3:27864-28118	+		PROTEIN_CODING			0		YP_009825060.1		84	ORF8b protein
1489679	sars9b	ORF9b protein	SARS coronavirus Tor2		227984	NC_004718.3:28130-28426	+		PROTEIN_CODING			0		YP_009825062.1		98	ORF9b protein
1489742	3	3a protein;3b protein;small virion-associated protein	Infectious bronchitis virus		11120	NC_001451.1:23856-24553	+		PROTEIN_CODING			0		NP_040832.1		57	3a protein
1489742	3	3a protein;3b protein;small virion-associated protein	Infectious bronchitis virus		11120	NC_001451.1:23856-24553	+		PROTEIN_CODING			0		NP_040833.1		64	3b protein
1489742	3	3a protein;3b protein;small virion-associated protein	Infectious bronchitis virus		11120	NC_001451.1:23856-24553	+		PROTEIN_CODING			0		NP_040834.1		108	small virion-associated protein
1489743	M	membrane protein	Infectious bronchitis virus		11120	NC_001451.1:24505-25182	+		PROTEIN_CODING			0		NP_040835.1		225	membrane protein
1489744	5	5a protein;5b protein	Infectious bronchitis virus		11120	NC_001451.1:25488-25930	+		PROTEIN_CODING			0		NP_040836.1		65	5a protein
1489744	5	5a protein;5b protein	Infectious bronchitis virus		11120	NC_001451.1:25488-25930	+		PROTEIN_CODING			0		NP_040837.1		82	5b protein
2943499	HCNV63gp2	spike protein	Human coronavirus NL63		277944	NC_005831.2:20472-24542	+		PROTEIN_CODING			0		YP_003767.1		1356	spike protein
3200425	HE	hemagglutinin-esterase glycoprotein	Human coronavirus HKU1		290028	NC_006577.2:21773-22933	+		PROTEIN_CODING			0		YP_173237.1		386	hemagglutinin-esterase glycoprotein
3200426	S	spike glycoprotein	Human coronavirus HKU1		290028	NC_006577.2:22942-27012	+		PROTEIN_CODING			0		YP_173238.1		1356	spike glycoprotein
3200429	ORF1ab	ORF1a polyprotein;ORF1ab polyprotein	Human coronavirus HKU1		290028	NC_006577.2:206-21753	+		PROTEIN_CODING			0		YP_173236.1		7182	ORF1ab polyprotein
3200429	ORF1ab	ORF1a polyprotein;ORF1ab polyprotein	Human coronavirus HKU1		290028	NC_006577.2:206-21753	+		PROTEIN_CODING			0		YP_009944268.1		4471	ORF1a polyprotein
39105218	S	spike surface glycoprotein	Human coronavirus OC43		31631	NC_006213.1:23643-27704	+		PROTEIN_CODING			0		YP_009555241.1		1353	spike surface glycoprotein
43740574	ORF7b	ORF7b	Severe acute respiratory syndrome coronavirus 2		2697049	NC_045512.2:27756-27887	+		PROTEIN_CODING			0		YP_009725318.1		43	ORF7b
918758	S	surface glycoprotein	Human coronavirus 229E		11137	NC_002645.1:20570-24091	+		PROTEIN_CODING			0		NP_073551.1		1173	surface glycoprotein
918763	N	nucleocapsid protein	Human coronavirus 229E		11137	NC_002645.1:25686-26855	+		PROTEIN_CODING			0		NP_073556.1		389	nucleocapsid protein
920849	S	spike protein	Feline infectious peritonitis virus		11135	NC_002306.3:20436-24794	+		PROTEIN_CODING			0		YP_004070194.1		1452	spike protein
935179	PEDVgp6	nucleocapsid protein	Porcine epidemic diarrhea virus		28295	NC_003436.1:26374-27699	+		PROTEIN_CODING			0		NP_598314.1		441	nucleocapsid protein
935180	PEDVgp4	envelope protein	Porcine epidemic diarrhea virus		28295	NC_003436.1:25444-25674	+		PROTEIN_CODING			0		NP_598312.1		76	envelope protein
935181	PEDVgp1	Pol1	Porcine epidemic diarrhea virus		28295	NC_003436.1:297-20641	+		PROTEIN_CODING			0		NP_598309.2		6781	Pol1
935182	PEDVgp5	membrane protein	Porcine epidemic diarrhea virus		28295	NC_003436.1:25682-26362	+		PROTEIN_CODING			0		NP_598313.1		226	membrane protein
935183	PEDVgp3	hypothetical protein	Porcine epidemic diarrhea virus		28295	NC_003436.1:24789-25463	+		PROTEIN_CODING			0		NP_598311.1		224	hypothetical protein
10040182	nsp 3b	putative 3b protein	Feline infectious peritonitis virus		11135	NC_002306.3:25021-25236	+		PROTEIN_CODING			0		YP_004070196.1		71	putative 3b protein
10040187	nsp 7a	non-structural protein 7a	Feline infectious peritonitis virus		11135	NC_002306.3:28152-28457	+		PROTEIN_CODING			0		YP_004070200.1		101	non-structural protein 7a
14254598	orf5	NS5 protein	Middle East respiratory syndrome-related coronavirus		1335626	NC_019843.3:26840-27514	+		PROTEIN_CODING			0		YP_009047208.1		224	NS5 protein
14254599	E	envelope protein	Middle East respiratory syndrome-related coronavirus		1335626	NC_019843.3:27590-27838	+		PROTEIN_CODING			0		YP_009047209.1		82	envelope protein
14254600	M	membrane protein	Middle East respiratory syndrome-related coronavirus		1335626	NC_019843.3:27853-28512	+		PROTEIN_CODING			0		YP_009047210.1		219	membrane protein
1489670	ORF3b	ORF3b protein	SARS coronavirus Tor2		227984	NC_004718.3:25689-26153	+		PROTEIN_CODING			0		YP_009825053.1		154	ORF3b protein
1724653	ORF 1a/1b	polyprotein ab	Feline infectious peritonitis virus		11135	NC_002306.3:311-20439	+		PROTEIN_CODING			0		YP_004070193.2		6709	polyprotein ab
19910005	orf8b	ORF8b protein	Middle East respiratory syndrome-related coronavirus		1335626	NC_019843.3:28762-29100	+		PROTEIN_CODING			0		YP_009047212.1		112	ORF8b protein
2943500	HCNV63gp3	protein 3	Human coronavirus NL63		277944	NC_005831.2:24542-25219	+		PROTEIN_CODING			0		YP_003768.1		225	protein 3
2943501	ORF1ab	ORF1a polyprotein;ORF1ab polyprotein	Human coronavirus NL63		277944	NC_005831.2:287-20475	+		PROTEIN_CODING			0		YP_003766.2		6729	ORF1ab polyprotein
2943501	ORF1ab	ORF1a polyprotein;ORF1ab polyprotein	Human coronavirus NL63		277944	NC_005831.2:287-20475	+		PROTEIN_CODING			0		YP_010229075.1		4060	ORF1a polyprotein
2943504	N	nucleocapsid protein	Human coronavirus NL63		277944	NC_005831.2:26133-27266	+		PROTEIN_CODING			0		YP_003771.1		377	nucleocapsid protein
37627021	ORF1ab	ORF1ab polyprotein	Porcine coronavirus HKU15		1159905	NC_039208.1:533-19335	+		PROTEIN_CODING			0		YP_009513020.1		6267	ORF1ab polyprotein
4836002	S	spike glycoprotein	Pipistrellus bat coronavirus HKU5		694008	NC_009020.1:21735-25793	+		PROTEIN_CODING			0		YP_001039962.1		1352	spike glycoprotein
4836014	ORF1ab	ORF1a polyprotein;ORF1ab polyprotein	Rousettus bat coronavirus HKU9		694006	NC_009021.1:229-21020	+		PROTEIN_CODING			0		YP_001039970.1		6930	ORF1ab polyprotein
4836014	ORF1ab	ORF1a polyprotein;ORF1ab polyprotein	Rousettus bat coronavirus HKU9		694006	NC_009021.1:229-21020	+		PROTEIN_CODING			0		YP_009944377.1		4248	ORF1a polyprotein
55060242	S	spike glycoprotein	Infectious bronchitis virus		11120	NC_048213.1:20374-23835	+		PROTEIN_CODING			0		YP_009824998.1		1153	spike glycoprotein
55060279	S	spike glycoprotein	Murine hepatitis virus		11138	NC_048217.1:23930-27904	+		PROTEIN_CODING			0		YP_009824982.1		1324	spike glycoprotein
59893232	E	envelope protein	Murine hepatitis virus		11138	NC_001846.1:28706-28957	+		PROTEIN_CODING			0		YP_009944252.1		83	envelope protein
6353553	S	spike protein	Turkey coronavirus		11152	NC_010800.1:20360-24040	+		PROTEIN_CODING			0		YP_001941166.1		1226	spike protein
6353556	1ab	ORF1ab polyprotein	Turkey coronavirus		11152	NC_010800.1:529-20336	+		PROTEIN_CODING			0		YP_001941164.2		6602	ORF1ab polyprotein
918760	4b	4b protein	Human coronavirus 229E		11137	NC_002645.1:24482-24748	+		PROTEIN_CODING			0		NP_073553.1		88	4b protein
918761	E	envelope protein	Human coronavirus 229E		11137	NC_002645.1:24750-24983	+		PROTEIN_CODING			0		NP_073554.1		77	envelope protein
918764	HCoV229Egp1	replicase polyprotein 1a;replicase polyprotein 1ab	Human coronavirus 229E		11137	NC_002645.1:293-20568	+		PROTEIN_CODING			0		NP_073549.1		6758	replicase polyprotein 1ab
918764	HCoV229Egp1	replicase polyprotein 1a;replicase polyprotein 1ab	Human coronavirus 229E		11137	NC_002645.1:293-20568	+		PROTEIN_CODING			0		NP_073550.1		4085	replicase polyprotein 1a
921684	HE	hemmaglutinin-esterase	Bovine coronavirus		11128	NC_003045.1:22352-23626	+		PROTEIN_CODING			0		NP_150076.1		424	hemmaglutinin-esterase
921688	ORF1ab	ORF1a polyprotein;ORF1ab polyprotein	Bovine coronavirus		11128	NC_003045.1:211-21494	+		PROTEIN_CODING			0		NP_150073.3		7094	ORF1ab polyprotein
921688	ORF1ab	ORF1a polyprotein;ORF1ab polyprotein	Bovine coronavirus		11128	NC_003045.1:211-21494	+		PROTEIN_CODING			0		NP_150074.1		4383	ORF1a polyprotein
921689	S	spike structural protein	Bovine coronavirus		11128	NC_003045.1:23641-27732	+		PROTEIN_CODING			0		NP_150077.1		1363	spike structural protein
14254596	orf4a	NS4A protein	Middle East respiratory syndrome-related coronavirus		1335626	NC_019843.3:25852-26181	+		PROTEIN_CODING			0		YP_009047206.1		109	NS4A protein
30853692	S	spike glycoprotein	Lucheng Rn rat coronavirus		1508224	NC_032730.1:21412-24816	+		PROTEIN_CODING			0		YP_009336484.1		1134	spike glycoprotein
30853693	E	envelope protein	Lucheng Rn rat coronavirus		1508224	NC_032730.1:25457-25693	+		PROTEIN_CODING			0		YP_009336485.1		78	envelope protein
30853694	M	membrane protein	Lucheng Rn rat coronavirus		1508224	NC_032730.1:25703-26449	+		PROTEIN_CODING			0		YP_009336486.1		248	membrane protein
30853695	N	nucleocapsid protein	Lucheng Rn rat coronavirus		1508224	NC_032730.1:26974-28149	+		PROTEIN_CODING			0		YP_009336487.1		391	nucleocapsid protein
30853696	ORF1ab	ORF1ab polyprotein	Lucheng Rn rat coronavirus		1508224	NC_032730.1:332-20580	+		PROTEIN_CODING			0		YP_009336483.1		6749	ORF1ab polyprotein
39105216	HE	hemagglutinin-esterase	Human coronavirus OC43		31631	NC_006213.1:22354-23628	+		PROTEIN_CODING			0		YP_009555240.1		424	hemagglutinin-esterase
4835991	S	spike glycoprotein	Tylonycteris bat coronavirus HKU4		694007	NC_009019.1:21570-25628	+		PROTEIN_CODING			0		YP_001039953.1		1352	spike glycoprotein
4835993	N	nucleocapsid phosphoprotein	Tylonycteris bat coronavirus HKU4		694007	NC_009019.1:28697-29968	+		PROTEIN_CODING			0		YP_001039960.1		423	nucleocapsid phosphoprotein
4835996	M	membrane glycoprotein	Tylonycteris bat coronavirus HKU4		694007	NC_009019.1:28000-28659	+		PROTEIN_CODING			0		YP_001039959.1		219	membrane glycoprotein
4835997	E	small membrane protein	Tylonycteris bat coronavirus HKU4		694007	NC_009019.1:27737-27985	+		PROTEIN_CODING			0		YP_001039958.1		82	small membrane protein
4835998	ORF1ab	ORF1a polyprotein;ORF1ab polyprotein	Tylonycteris bat coronavirus HKU4		694007	NC_009019.1:267-21625	+		PROTEIN_CODING			0		YP_001039952.1		7119	ORF1ab polyprotein
4835998	ORF1ab	ORF1a polyprotein;ORF1ab polyprotein	Tylonycteris bat coronavirus HKU4		694007	NC_009019.1:267-21625	+		PROTEIN_CODING			0		YP_009944308.1		4434	ORF1a polyprotein
4836000	N	nucleocapsid phosphoprotein	Pipistrellus bat coronavirus HKU5		694008	NC_009020.1:28878-30161	+		PROTEIN_CODING			0		YP_001039969.1		427	nucleocapsid phosphoprotein
4836001	M	membrane glycoprotein	Pipistrellus bat coronavirus HKU5		694008	NC_009020.1:28166-28828	+		PROTEIN_CODING			0		YP_001039968.1		220	membrane glycoprotein
4836003	ORF1ab	ORF1a polyprotein;ORF1ab polyprotein	Pipistrellus bat coronavirus HKU5		694008	NC_009020.1:261-21808	+		PROTEIN_CODING			0		YP_001039961.1		7182	ORF1ab polyprotein
4836003	ORF1ab	ORF1a polyprotein;ORF1ab polyprotein	Pipistrellus bat coronavirus HKU5		694008	NC_009020.1:261-21808	+		PROTEIN_CODING			0		YP_009944337.1		4481	ORF1a polyprotein
4836008	E	small membrane protein	Pipistrellus bat coronavirus HKU5		694008	NC_009020.1:27903-28151	+		PROTEIN_CODING			0		YP_001039967.1		82	small membrane protein
55060282	E	envelope protein	Murine hepatitis virus		11138	NC_048217.1:28707-28958	+		PROTEIN_CODING			0		YP_009824985.1		83	envelope protein
55060283	M	membrane protein	Murine hepatitis virus		11138	NC_048217.1:28969-29655	+		PROTEIN_CODING			0		YP_009824986.1		228	membrane protein
55060284	N	I protein;nucleocapsid protein	Murine hepatitis virus		11138	NC_048217.1:29670-31034	+		PROTEIN_CODING			0		YP_009824987.1		454	nucleocapsid protein
55060284	N	I protein;nucleocapsid protein	Murine hepatitis virus		11138	NC_048217.1:29670-31034	+		PROTEIN_CODING			0		YP_009924330.1		207	I protein
60196426	ORF8b	ORF8b	Betacoronavirus England 1		1263720	NC_038294.1:28761-29099	+		PROTEIN_CODING			0		YP_009944280.1		112	ORF8b
60196436	ORF8b	ORF8b	Tylonycteris bat coronavirus HKU4		694007	NC_009019.1:28743-29333	+		PROTEIN_CODING			0		YP_009944336.1		196	ORF8b
60196443	ORF8b	ORF8b	Pipistrellus bat coronavirus HKU5		694008	NC_009020.1:28918-29496	+		PROTEIN_CODING			0		YP_009944338.1		192	ORF8b
918759	4a	4a protein	Human coronavirus 229E		11137	NC_002645.1:24091-24492	+		PROTEIN_CODING			0		NP_073552.1		133	4a protein
921685	E	small membrane protein	Bovine coronavirus		11128	NC_003045.1:28422-28676	+		PROTEIN_CODING			0		NP_150081.1		84	small membrane protein
921686	M	matrix protein	Bovine coronavirus		11128	NC_003045.1:28691-29383	+		PROTEIN_CODING			0		NP_150082.1		230	matrix protein
28721348	S	spike protein	Rousettus bat coronavirus		1892416	NC_030886.1:21121-24993	+		PROTEIN_CODING			0		YP_009273005.1		1290	spike protein
28721349	NS3	NS3 protein	Rousettus bat coronavirus		1892416	NC_030886.1:24990-25676	+		PROTEIN_CODING			0		YP_009273006.1		228	NS3 protein
28721350	E	small envelope protein	Rousettus bat coronavirus		1892416	NC_030886.1:25676-25906	+		PROTEIN_CODING			0		YP_009273007.1		76	small envelope protein
28721351	M	membrane protein	Rousettus bat coronavirus		1892416	NC_030886.1:25914-26579	+		PROTEIN_CODING			0		YP_009273008.1		221	membrane protein
28721352	N	nucleocapsid protein	Rousettus bat coronavirus		1892416	NC_030886.1:26627-27958	+		PROTEIN_CODING			0		YP_009273009.1		443	nucleocapsid protein
28721353	p10	putative p10 protein	Rousettus bat coronavirus		1892416	NC_030886.1:27994-28269	+		PROTEIN_CODING			0		YP_009273010.1		91	putative p10 protein
28721354	NS7a	putative NS7a protein	Rousettus bat coronavirus		1892416	NC_030886.1:28287-28850	+		PROTEIN_CODING			0		YP_009273011.1		187	putative NS7a protein
28721355	NS7b	putative NS7b protein	Rousettus bat coronavirus		1892416	NC_030886.1:28863-29444	+		PROTEIN_CODING			0		YP_009273012.1		193	putative NS7b protein
28721356	NS7c	putative NS7c protein	Rousettus bat coronavirus		1892416	NC_030886.1:29444-29893	+		PROTEIN_CODING			0		YP_009273013.1		149	putative NS7c protein
28721357	ORF1ab	ORF1ab polyprotein	Rousettus bat coronavirus		1892416	NC_030886.1:235-21155	+		PROTEIN_CODING			0		YP_009273004.1		6973	ORF1ab polyprotein
37616432	S	spike protein	Betacoronavirus England 1		1263720	NC_038294.1:21455-25516	+		PROTEIN_CODING			0		YP_007188579.1		1353	spike protein
37616433	ORF3	NS3A protein	Betacoronavirus England 1		1263720	NC_038294.1:25531-25842	+		PROTEIN_CODING			0		YP_007188580.1		103	NS3A protein
37616434	ORF4a	NS3B protein	Betacoronavirus England 1		1263720	NC_038294.1:25851-26180	+		PROTEIN_CODING			0		YP_007188581.1		109	NS3B protein
37616435	ORF4b	NS3C protein	Betacoronavirus England 1		1263720	NC_038294.1:26092-26832	+		PROTEIN_CODING			0		YP_007188582.1		246	NS3C protein
37616436	ORF5	NS3D protein	Betacoronavirus England 1		1263720	NC_038294.1:26839-27513	+		PROTEIN_CODING			0		YP_007188583.1		224	NS3D protein
37616437	E	envelope protein	Betacoronavirus England 1		1263720	NC_038294.1:27589-27837	+		PROTEIN_CODING			0		YP_007188584.1		82	envelope protein
37616438	M	membrane protein	Betacoronavirus England 1		1263720	NC_038294.1:27852-28511	+		PROTEIN_CODING			0		YP_007188585.1		219	membrane protein
37616439	N	nucleocapsid protein	Betacoronavirus England 1		1263720	NC_038294.1:28565-29800	+		PROTEIN_CODING			0		YP_007188586.1		411	nucleocapsid protein
37616440	ORF1ab	ORF1a polyprotein;ORF1ab polyprotein	Betacoronavirus England 1		1263720	NC_038294.1:278-21513	+		PROTEIN_CODING			0		YP_007188577.3		7078	ORF1ab polyprotein
37616440	ORF1ab	ORF1a polyprotein;ORF1ab polyprotein	Betacoronavirus England 1		1263720	NC_038294.1:278-21513	+		PROTEIN_CODING			0		YP_007188578.1		4391	ORF1a polyprotein
55060275	ORF1ab	ORF1ab polyprotein	Murine hepatitis virus		11138	NC_048217.1:211-21746	+		PROTEIN_CODING			0		YP_009824978.1		7178	ORF1ab polyprotein
55060276	ORF2a	nonstructural protein 2a	Murine hepatitis virus		11138	NC_048217.1:21772-22557	+		PROTEIN_CODING			0		YP_009824980.1		261	nonstructural protein 2a
55060277	HO264_gp10	ORF1a polyprotein	Murine hepatitis virus		11138	NC_048217.1:211-13623	+		PROTEIN_CODING			0		YP_009824979.1		4470	ORF1a polyprotein
55060278	HE	hemagglutinin-esterase	Murine hepatitis virus		11138	NC_048217.1:22984-23922	+		PROTEIN_CODING			0		YP_009824981.1		312	hemagglutinin-esterase
55060280	HO264_gp05	putative ORF4 protein	Murine hepatitis virus		11138	NC_048217.1:28059-28379	+		PROTEIN_CODING			0		YP_009824983.1		106	putative ORF4 protein
55060281	HO264_gp04	ORF5a protein	Murine hepatitis virus		11138	NC_048217.1:28376-28714	+		PROTEIN_CODING			0		YP_009824984.1		112	ORF5a protein
10040183	nsp 3c		Feline infectious peritonitis virus		11135	NC_002306.3:25233-25967	+		PSEUDO								
10040188	nsp 7b	non-structural protein 7b	Feline infectious peritonitis virus		11135	NC_002306.3:28462-29082	+		PROTEIN_CODING			0		YP_004070201.1		206	non-structural protein 7b
11266518	Sc-BatCoV-512_gp1	ORF1 polyprotein	Scotophilus bat coronavirus 512		693999	NC_009657.1:294-20674	+		PROTEIN_CODING			0		YP_001351683.1		6793	ORF1 polyprotein
11266519	Sc-BatCoV-512_gp3	putative ORF3	Scotophilus bat coronavirus 512		693999	NC_009657.1:24786-25460	+		PROTEIN_CODING			0		YP_001351685.1		224	putative ORF3
11266520	Sc-BatCoV-512_gp4	envelope protein	Scotophilus bat coronavirus 512		693999	NC_009657.1:25441-25671	+		PROTEIN_CODING			0		YP_001351686.1		76	envelope protein
11266521	Sc-BatCoV-512_gp5	matrix protein	Scotophilus bat coronavirus 512		693999	NC_009657.1:25678-26361	+		PROTEIN_CODING			0		YP_001351687.1		227	matrix protein
11266522	Sc-BatCoV-512_gp6	nucleocapsid protein	Scotophilus bat coronavirus 512		693999	NC_009657.1:26372-27556	+		PROTEIN_CODING			0		YP_001351688.1		394	nucleocapsid protein
11266523	Sc-BatCoV-512_gp2	spike protein	Scotophilus bat coronavirus 512		693999	NC_009657.1:20671-24786	+		PROTEIN_CODING			0		YP_001351684.1		1371	spike protein
14254595	orf3	NS3 protein	Middle East respiratory syndrome-related coronavirus		1335626	NC_019843.3:25532-25843	+		PROTEIN_CODING			0		YP_009047205.1		103	NS3 protein
20522554	NA39_gp2	putative surface protein	Bat Hp-betacoronavirus/Zhejiang2013		1541205	NC_025217.1:22058-23413	+		PROTEIN_CODING			0		YP_009072439.1		451	putative surface protein
20522555	S	spike protein	Bat Hp-betacoronavirus/Zhejiang2013		1541205	NC_025217.1:23563-27516	+		PROTEIN_CODING			0		YP_009072440.1		1317	spike protein
20522556	ORF4	ORF4 protein	Bat Hp-betacoronavirus/Zhejiang2013		1541205	NC_025217.1:27523-28260	+		PROTEIN_CODING			0		YP_009072441.1		245	ORF4 protein
20522557	E	envelope protein	Bat Hp-betacoronavirus/Zhejiang2013		1541205	NC_025217.1:28315-28554	+		PROTEIN_CODING			0		YP_009072442.1		79	envelope protein
20522558	M	membrane protein	Bat Hp-betacoronavirus/Zhejiang2013		1541205	NC_025217.1:28610-29281	+		PROTEIN_CODING			0		YP_009072443.1		223	membrane protein
20522559	ORF7	ORF7 protein	Bat Hp-betacoronavirus/Zhejiang2013		1541205	NC_025217.1:29297-29515	+		PROTEIN_CODING			0		YP_009072444.1		72	ORF7 protein
20522560	ORF8	ORF8 protein	Bat Hp-betacoronavirus/Zhejiang2013		1541205	NC_025217.1:29534-29857	+		PROTEIN_CODING			0		YP_009072445.1		107	ORF8 protein
20522561	N	nucleocapsid protein	Bat Hp-betacoronavirus/Zhejiang2013		1541205	NC_025217.1:29917-31173	+		PROTEIN_CODING			0		YP_009072446.1		418	nucleocapsid protein
20522562	ORF1ab	ORF1a polyprotein;ORF1ab polyprotein	Bat Hp-betacoronavirus/Zhejiang2013		1541205	NC_025217.1:303-22045	+		PROTEIN_CODING			0		YP_009072438.1		7247	ORF1ab polyprotein
20522562	ORF1ab	ORF1a polyprotein;ORF1ab polyprotein	Bat Hp-betacoronavirus/Zhejiang2013		1541205	NC_025217.1:303-22045	+		PROTEIN_CODING			0		YP_009915659.1		4547	ORF1a polyprotein
54124771	S	spike protein	Alphacoronavirus Bat-CoV/P.kuhlii/Italy/3398-19/2015		2492658	NC_046964.1:20172-24371	+		PROTEIN_CODING			0		YP_009755890.1		1399	spike protein
54124772	ORF3	ORF3 protein	Alphacoronavirus Bat-CoV/P.kuhlii/Italy/3398-19/2015		2492658	NC_046964.1:24371-25024	+		PROTEIN_CODING			0		YP_009755891.1		217	ORF3 protein
54124773	E	envelope protein	Alphacoronavirus Bat-CoV/P.kuhlii/Italy/3398-19/2015		2492658	NC_046964.1:25103-25330	+		PROTEIN_CODING			0		YP_009755892.1		75	envelope protein
54124774	M	membrane protein	Alphacoronavirus Bat-CoV/P.kuhlii/Italy/3398-19/2015		2492658	NC_046964.1:25343-26050	+		PROTEIN_CODING			0		YP_009755893.1		235	membrane protein
54124775	N	nucleocapsid protein	Alphacoronavirus Bat-CoV/P.kuhlii/Italy/3398-19/2015		2492658	NC_046964.1:26058-27356	+		PROTEIN_CODING			0		YP_009755894.1		432	nucleocapsid protein
54124776	ORF1ab	ORF1ab polyprotein	Alphacoronavirus Bat-CoV/P.kuhlii/Italy/3398-19/2015		2492658	NC_046964.1:281-20175	+		PROTEIN_CODING			0		YP_009755889.1		6631	ORF1ab polyprotein
58783427	ORF2a	nonstructural protein 2a	Murine hepatitis virus		11138	NC_001846.1:21771-22556	+		PROTEIN_CODING			0		YP_009915698.1		261	nonstructural protein 2a
10040181	nsp 3a	putative 3a protein	Feline infectious peritonitis virus		11135	NC_002306.3:24861-25076	+		PROTEIN_CODING			0		YP_004070195.1		71	putative 3a protein
10040184	E	E protein	Feline infectious peritonitis virus		11135	NC_002306.3:25954-26202	+		PROTEIN_CODING			0		YP_004070197.1		82	E protein
10040185	M	matrix protein	Feline infectious peritonitis virus		11135	NC_002306.3:26213-27001	+		PROTEIN_CODING			0		YP_004070198.1		262	matrix protein
10040186	N	nucleocapsid protein	Feline infectious peritonitis virus		11135	NC_002306.3:27014-28147	+		PROTEIN_CODING			0		YP_004070199.1		377	nucleocapsid protein
1489756	M	E1 glycoprotein	Murine hepatitis virus		11138	NC_001846.1:28968-29654	+		PROTEIN_CODING			0		NP_045301.1		228	E1 glycoprotein
26613664	S	spike protein	Camel alphacoronavirus		1699095	NC_028752.1:20585-24094	+		PROTEIN_CODING			0		YP_009194639.1		1169	spike protein
26613665	orf1a	polyprotein ORF1a	Camel alphacoronavirus		1699095	NC_028752.1:293-12565	+		PROTEIN_CODING			0		YP_009194638.1		4090	polyprotein ORF1a
26613666	orf4	ORF4	Camel alphacoronavirus		1699095	NC_028752.1:24094-24774	+		PROTEIN_CODING			0		YP_009194640.1		226	ORF4
26613667	E	envelope protein	Camel alphacoronavirus		1699095	NC_028752.1:24752-24985	+		PROTEIN_CODING			0		YP_009194641.1		77	envelope protein
26613668	M	membrane protein	Camel alphacoronavirus		1699095	NC_028752.1:24997-25677	+		PROTEIN_CODING			0		YP_009194642.1		226	membrane protein
26613669	N	nucleocapsid protein	Camel alphacoronavirus		1699095	NC_028752.1:25691-26839	+		PROTEIN_CODING			0		YP_009194643.1		382	nucleocapsid protein
26613670	orf1ab	polyprotein ORF1ab	Camel alphacoronavirus		1699095	NC_028752.1:293-20583	+		PROTEIN_CODING			0		YP_009194637.1		6763	polyprotein ORF1ab
2943502	E	envelope protein	Human coronavirus NL63		277944	NC_005831.2:25200-25433	+		PROTEIN_CODING			0		YP_003769.1		77	envelope protein
2943503	M	membrane protein	Human coronavirus NL63		277944	NC_005831.2:25442-26122	+		PROTEIN_CODING			0		YP_003770.1		226	membrane protein
37619361	nsp 3a	non-structural protein 3a	Transmissible gastroenteritis virus		11149	NC_038861.1:24827-25042	+		PROTEIN_CODING			0		NP_058425.1		71	non-structural protein 3a
37619362	D1S95_gp2	replicase	Transmissible gastroenteritis virus		11149	NC_038861.1:315-12368	+		PROTEIN_CODING			0		NP_058423.1		4017	replicase
37619363	s	spike protein	Transmissible gastroenteritis virus		11149	NC_038861.1:20365-24708	+		PROTEIN_CODING			0		NP_058424.1		1447	spike protein
37619364	D1S95_gp1	replicase	Transmissible gastroenteritis virus		11149	NC_038861.1:315-20368	+		PROTEIN_CODING			0		NP_058422.1		6685	replicase
39105215	ns2	ns2	Human coronavirus OC43		31631	NC_006213.1:21506-22342	+		PROTEIN_CODING			0		YP_009555239.1		278	ns2
39105217	E	envelope protein	Human coronavirus OC43		31631	NC_006213.1:28108-28362	+		PROTEIN_CODING			0		YP_009555243.1		84	envelope protein
39105219	ns12.9	ns12.9	Human coronavirus OC43		31631	NC_006213.1:27792-28121	+		PROTEIN_CODING			0		YP_009555242.1		109	ns12.9
39105220	M	membrane protein	Human coronavirus OC43		31631	NC_006213.1:28377-29069	+		PROTEIN_CODING			0		YP_009555244.1		230	membrane protein
39105221	N	I protein;nucleocapsid protein	Human coronavirus OC43		31631	NC_006213.1:29079-30425	+		PROTEIN_CODING			0		YP_009555245.1		448	nucleocapsid protein
39105221	N	I protein;nucleocapsid protein	Human coronavirus OC43		31631	NC_006213.1:29079-30425	+		PROTEIN_CODING			0		YP_009924318.1		60	I protein
39105222	ORF1ab	ORF1a polyprotein;ORF1ab polyprotein	Human coronavirus OC43		31631	NC_006213.1:210-21496	+		PROTEIN_CODING			0		YP_009555238.1		7095	ORF1ab polyprotein
39105222	ORF1ab	ORF1a polyprotein;ORF1ab polyprotein	Human coronavirus OC43		31631	NC_006213.1:210-21496	+		PROTEIN_CODING			0		YP_009924317.1		4383	ORF1a polyprotein
918762	M	membrane protein	Human coronavirus 229E		11137	NC_002645.1:24995-25672	+		PROTEIN_CODING			0		NP_073555.1		225	membrane protein
27963644	S	spike protein	Ferret coronavirus		1264898	NC_030292.1:20136-24452	+		PROTEIN_CODING			0		YP_009256197.1		1438	spike protein
27963645	nsp	non-structural protein 3c	Ferret coronavirus		1264898	NC_030292.1:24473-25216	+		PROTEIN_CODING			0		YP_009256198.1		247	non-structural protein 3c
27963646	E	envelope protein	Ferret coronavirus		1264898	NC_030292.1:25185-25433	+		PROTEIN_CODING			0		YP_009256199.1		82	envelope protein
27963647	M	membrane protein	Ferret coronavirus		1264898	NC_030292.1:25448-26245	+		PROTEIN_CODING			0		YP_009256200.1		265	membrane protein
27963648	N	nucleocapsid protein	Ferret coronavirus		1264898	NC_030292.1:26262-27389	+		PROTEIN_CODING			0		YP_009256201.1		375	nucleocapsid protein
27963650	orf7b	nsp 7b protein	Ferret coronavirus		1264898	NC_030292.1:27561-28169	+		PROTEIN_CODING			0		YP_009256203.1		202	nsp 7b protein
27963651	ORF1ab	ORF1a polyprotein;ORF1ab polyprotein	Ferret coronavirus		1264898	NC_030292.1:276-20143	+		PROTEIN_CODING			0		YP_009256195.1		6622	ORF1ab polyprotein
27963651	ORF1ab	ORF1a polyprotein;ORF1ab polyprotein	Ferret coronavirus		1264898	NC_030292.1:276-20143	+		PROTEIN_CODING			0		YP_009256196.1		3958	ORF1a polyprotein
3200423	N	nucleocapsid phosphoprotein	Human coronavirus HKU1		290028	NC_006577.2:28320-29645	+		PROTEIN_CODING			0		YP_173242.1		441	nucleocapsid phosphoprotein
3200424	N2	ORF8	Human coronavirus HKU1		290028	NC_006577.2:28342-28959	+		PROTEIN_CODING			0		YP_173243.1		205	nucleocapsid phosphoprotein 2
3200427	orf4	non-structural protein	Human coronavirus HKU1		290028	NC_006577.2:27051-27380	+		PROTEIN_CODING			0		YP_173239.1		109	non-structural protein
3200428	M	membrane glycoprotein	Human coronavirus HKU1		290028	NC_006577.2:27633-28304	+		PROTEIN_CODING			0		YP_173241.1		223	membrane glycoprotein
3200430	E	envelope protein	Human coronavirus HKU1		290028	NC_006577.2:27373-27621	+		PROTEIN_CODING			0		YP_173240.1		82	envelope protein
37619356	m	membrane protein	Transmissible gastroenteritis virus		11149	NC_038861.1:26116-26904	+		PROTEIN_CODING			0		NP_058427.2		262	membrane protein
37619357	n	nucleoprotein	Transmissible gastroenteritis virus		11149	NC_038861.1:26917-28065	+		PROTEIN_CODING			0		NP_058428.1		382	nucleoprotein
37619358	nsp 7	non-structural protein 7	Transmissible gastroenteritis virus		11149	NC_038861.1:28071-28307	+		PROTEIN_CODING			0		NP_058429.1		78	non-structural protein 7
37619360	e	envelope protein	Transmissible gastroenteritis virus		11149	NC_038861.1:25857-26105	+		PROTEIN_CODING			0		NP_058426.1		82	envelope protein
55060232	N	capsid	Bat coronavirus		1508220	NC_048212.1:26302-27714	+		PROTEIN_CODING			0		YP_009824993.1		470	capsid
55060235	ORF1a	ORF1a polyprotein	Bat coronavirus		1508220	NC_048212.1:210-12827	+		PROTEIN_CODING			0		YP_009824988.1		4205	ORF1a polyprotein
5741383	N	nucleocapsid phosphoprotein	Rhinolophus bat coronavirus HKU2		693998	NC_009988.1:25469-26596	+		PROTEIN_CODING			0		YP_001552240.1		375	nucleocapsid phosphoprotein
5741384	BCHV2_gp2	ORF1a polyprotein	Rhinolophus bat coronavirus HKU2		693998	NC_009988.1:297-12476	+		PROTEIN_CODING			0		YP_001552235.1		4059	ORF1a polyprotein
5741386	E	small membrane protein	Rhinolophus bat coronavirus HKU2		693998	NC_009988.1:24532-24759	+		PROTEIN_CODING			0		YP_001552238.1		75	small membrane protein
5741387	M	membrane glycoprotein	Rhinolophus bat coronavirus HKU2		693998	NC_009988.1:24768-25457	+		PROTEIN_CODING			0		YP_001552239.1		229	membrane glycoprotein
5741388	BCHV2_gp1	ORF1ab polyprotein	Rhinolophus bat coronavirus HKU2		693998	NC_009988.1:297-20479	+		PROTEIN_CODING			0		YP_001552234.1		6727	ORF1ab polyprotein
5741389	S	spike glycoprotein	Rhinolophus bat coronavirus HKU2		693998	NC_009988.1:20476-23862	+		PROTEIN_CODING			0		YP_001552236.1		1128	spike glycoprotein
59893239	E	envelope protein	Bat coronavirus		1508220	NC_048212.1:25339-25566	+		PROTEIN_CODING			0		YP_009944266.1		75	envelope protein
13842722	D425_gp8	NS7b	Rousettus bat coronavirus HKU10		1241933	NC_018871.1:27787-28248	+		PROTEIN_CODING			0		YP_006908648.1		153	non-structural protein NS7b
13842723	D425_gp9	NS7c	Rousettus bat coronavirus HKU10		1241933	NC_018871.1:27986-28216	+		PROTEIN_CODING			0		YP_006908649.1		76	non-structural protein NS7c
13842724	D425_gp1	ORF1ab	Rousettus bat coronavirus HKU10		1241933	NC_018871.1:303-20644	+		PROTEIN_CODING			0		YP_006908641.2		6780	ORF1ab polyprotein
26626387	AVT88_gp2	replicase polyprotein 1b	Swine enteric coronavirus		1766554	NC_028806.1:12312-20354	+		PROTEIN_CODING			0		YP_009199241.1		2680	replicase polyprotein 1b
26626388	AVT88_gp3	spike protein	Swine enteric coronavirus		1766554	NC_028806.1:20355-24503	+		PROTEIN_CODING			0		YP_009199242.1		1382	spike protein
26626389	AVT88_gp4	non-structural protein 3a	Swine enteric coronavirus		1766554	NC_028806.1:24493-24585	+		PROTEIN_CODING			0		YP_009199243.1		30	non-structural protein 3a
26626390	AVT88_gp5	non-structural protein 3b	Swine enteric coronavirus		1766554	NC_028806.1:24666-25400	+		PROTEIN_CODING			0		YP_009199244.1		244	non-structural protein 3b
26626391	AVT88_gp6	envelope protein	Swine enteric coronavirus		1766554	NC_028806.1:25387-25635	+		PROTEIN_CODING			0		YP_009199245.1		82	envelope protein
26626392	AVT88_gp7	membrane protein	Swine enteric coronavirus		1766554	NC_028806.1:25646-26434	+		PROTEIN_CODING			0		YP_009199246.1		262	membrane protein
26626393	AVT88_gp8	nucleoprotein	Swine enteric coronavirus		1766554	NC_028806.1:26447-27595	+		PROTEIN_CODING			0		YP_009199247.1		382	nucleoprotein
26626394	AVT88_gp9	non-structural protein 7	Swine enteric coronavirus		1766554	NC_028806.1:27601-27837	+		PROTEIN_CODING			0		YP_009199248.1		78	non-structural protein 7
26626395	AVT88_gp1	replicase polyprotein 1a	Swine enteric coronavirus		1766554	NC_028806.1:307-12354	+		PROTEIN_CODING			0		YP_009199240.1		4015	replicase polyprotein 1a
33133640	CD915_gp2	orf1b polyprotein	Coronavirus AcCoV-JC34		1964806	NC_034972.1:12361-20376	+		PROTEIN_CODING			0		YP_009380520.1		2671	orf1b polyprotein
33133641	CD915_gp3	spike protein	Coronavirus AcCoV-JC34		1964806	NC_034972.1:20376-23756	+		PROTEIN_CODING			0		YP_009380521.1		1126	spike protein
33133642	CD915_gp4	ORF3	Coronavirus AcCoV-JC34		1964806	NC_034972.1:23753-24397	+		PROTEIN_CODING			0		YP_009380522.1		214	ORF3
33133643	CD915_gp5	envelope protein	Coronavirus AcCoV-JC34		1964806	NC_034972.1:24397-24633	+		PROTEIN_CODING			0		YP_009380523.1		78	envelope protein
33133644	CD915_gp6	membrane protein	Coronavirus AcCoV-JC34		1964806	NC_034972.1:24643-25389	+		PROTEIN_CODING			0		YP_009380524.1		248	membrane protein
33133645	CD915_gp7	ORF6	Coronavirus AcCoV-JC34		1964806	NC_034972.1:25401-25901	+		PROTEIN_CODING			0		YP_009380525.1		166	ORF6
33133646	CD915_gp8	nucleocapsid protein	Coronavirus AcCoV-JC34		1964806	NC_034972.1:25903-27072	+		PROTEIN_CODING			0		YP_009380526.1		389	nucleocapsid protein
33133647	CD915_gp9	ORF8	Coronavirus AcCoV-JC34		1964806	NC_034972.1:27074-27391	+		PROTEIN_CODING			0		YP_009380527.1		105	ORF8
33133648	CD915_gp1	orf1a polyprotein	Coronavirus AcCoV-JC34		1964806	NC_034972.1:437-12361	+		PROTEIN_CODING			0		YP_009380519.1		3974	orf1a polyprotein
55060228	ORF1ab	ORF1ab polyprotein	Bat coronavirus		1508220	NC_048212.1:210-20842	+		PROTEIN_CODING			0		YP_009824989.2		6877	ORF1ab polyprotein
55060229	S	spike protein	Bat coronavirus		1508220	NC_048212.1:20814-24623	+		PROTEIN_CODING			0		YP_009824990.1		1269	spike protein
55060230	ORF3	ORF3 protein	Bat coronavirus		1508220	NC_048212.1:24620-25339	+		PROTEIN_CODING			0		YP_009824991.1		239	ORF3 protein
55060231	M	membrane protein	Bat coronavirus		1508220	NC_048212.1:25568-26233	+		PROTEIN_CODING			0		YP_009824992.1		221	membrane protein
13842716	D425_gp2	S	Rousettus bat coronavirus HKU10		1241933	NC_018871.1:20641-24690	+		PROTEIN_CODING			0		YP_006908642.1		1349	spike glycoprotein
13842717	D425_gp3	NS3	Rousettus bat coronavirus HKU10		1241933	NC_018871.1:24690-25346	+		PROTEIN_CODING			0		YP_006908643.1		218	non-structural protein NS3
13842718	D425_gp4	E	Rousettus bat coronavirus HKU10		1241933	NC_018871.1:25375-25602	+		PROTEIN_CODING			0		YP_006908644.1		75	envelope protein
13842719	D425_gp5	M	Rousettus bat coronavirus HKU10		1241933	NC_018871.1:25608-26297	+		PROTEIN_CODING			0		YP_006908645.1		229	membrane protein
13842720	D425_gp6	N	Rousettus bat coronavirus HKU10		1241933	NC_018871.1:26308-27516	+		PROTEIN_CODING			0		YP_006908646.1		402	nucleocapsid protein
13842721	D425_gp7	NS7a	Rousettus bat coronavirus HKU10		1241933	NC_018871.1:27532-27777	+		PROTEIN_CODING			0		YP_006908647.1		81	non-structural protein NS7a
37627558	ORF1ab	ORF1a polyprotein	Bat coronavirus		1508220	NC_034440.1:61-21290	+		PROTEIN_CODING			0		YP_009361855.1		4388	ORF1a polyprotein
37627559	ORF4a	ORF4a protein	Bat coronavirus		1508220	NC_034440.1:25598-25927	+		PROTEIN_CODING			0		YP_009361859.1		109	ORF4a protein
37627560	ORF4b	ORF4b protein	Bat coronavirus		1508220	NC_034440.1:25803-26579	+		PROTEIN_CODING			0		YP_009361860.1		258	ORF4b protein
37627561	E	small envelope protein	Bat coronavirus		1508220	NC_034440.1:27342-27590	+		PROTEIN_CODING			0		YP_009361862.1		82	small envelope protein
37627562	ORF5	ORF5 protein	Bat coronavirus		1508220	NC_034440.1:26586-27263	+		PROTEIN_CODING			0		YP_009361861.1		225	ORF5 protein
55060221	S	spike glycoprotein	Wencheng Sm shrew coronavirus		1508228	NC_048211.1:19192-22596	+		PROTEIN_CODING			0		YP_009824974.1		1134	spike glycoprotein
55060222	E	envelope protein	Wencheng Sm shrew coronavirus		1508228	NC_048211.1:23290-23517	+		PROTEIN_CODING			0		YP_009824975.1		75	envelope protein
55060223	M	membrane protein	Wencheng Sm shrew coronavirus		1508228	NC_048211.1:23530-24219	+		PROTEIN_CODING			0		YP_009824976.1		229	membrane protein
55060224	N	nucleocapsid protein	Wencheng Sm shrew coronavirus		1508228	NC_048211.1:24223-25323	+		PROTEIN_CODING			0		YP_009824977.1		366	nucleocapsid protein
55060225	ORF1ab	ORF1ab polyprotein	Wencheng Sm shrew coronavirus		1508228	NC_048211.1:212-19185	+		PROTEIN_CODING			0		YP_009824973.1		6324	ORF1ab polyprotein
9714824	S	spike protein	Bat coronavirus BM48-31/BGR/2008		864596	NC_014470.1:21391-25170	+		PROTEIN_CODING			0		YP_003858584.1		1259	spike protein
9714825	ORF3	ORF3 protein	Bat coronavirus BM48-31/BGR/2008		864596	NC_014470.1:25179-25994	+		PROTEIN_CODING			0		YP_003858585.1		271	ORF3 protein
9714826	E	envelope protein	Bat coronavirus BM48-31/BGR/2008		864596	NC_014470.1:26018-26248	+		PROTEIN_CODING			0		YP_003858586.1		76	envelope protein
9714827	M	membrane protein	Bat coronavirus BM48-31/BGR/2008		864596	NC_014470.1:26299-26982	+		PROTEIN_CODING			0		YP_003858587.1		227	membrane protein
9714828	ORF6	ORF6 protein	Bat coronavirus BM48-31/BGR/2008		864596	NC_014470.1:26993-27181	+		PROTEIN_CODING			0		YP_003858588.1		62	ORF6 protein
9714829	ORF7a	ORF7a protein	Bat coronavirus BM48-31/BGR/2008		864596	NC_014470.1:27188-27544	+		PROTEIN_CODING			0		YP_003858589.1		118	ORF7a protein
9714830	ORF7b	ORF7b protein	Bat coronavirus BM48-31/BGR/2008		864596	NC_014470.1:27541-27663	+		PROTEIN_CODING			0		YP_003858590.1		40	ORF7b protein
9714831	N	nucleocapsid protein	Bat coronavirus BM48-31/BGR/2008		864596	NC_014470.1:27665-28918	+		PROTEIN_CODING			0		YP_003858591.1		417	nucleocapsid protein
9714832	ORF1ab	ORF1a polyprotein;ORF1ab polyprotein	Bat coronavirus BM48-31/BGR/2008		864596	NC_014470.1:191-21384	+		PROTEIN_CODING			0		YP_003858583.1		7064	ORF1ab polyprotein
9714832	ORF1ab	ORF1a polyprotein;ORF1ab polyprotein	Bat coronavirus BM48-31/BGR/2008		864596	NC_014470.1:191-21384	+		PROTEIN_CODING			0		YP_010229071.1		4373	ORF1a polyprotein
18585631	CN73_gp05	envelope protein	Mink coronavirus strain WD1127		766791	NC_023760.1:25368-25616	+		PROTEIN_CODING			0		YP_009019184.1		82	envelope protein
18585632	CN73_gp06	membrane protein	Mink coronavirus strain WD1127		766791	NC_023760.1:25633-26439	+		PROTEIN_CODING			0		YP_009019185.1		268	membrane protein
18585633	CN73_gp07	nucleocapsid protein	Mink coronavirus strain WD1127		766791	NC_023760.1:26454-27584	+		PROTEIN_CODING			0		YP_009019186.1		376	nucleocapsid protein
18585634	CN73_gp08	non-structural protein 7a	Mink coronavirus strain WD1127		766791	NC_023760.1:27589-27885	+		PROTEIN_CODING			0		YP_009019187.1		98	non-structural protein 7a
18585637	CN73_gp01	orf1ab polyprotein	Mink coronavirus strain WD1127		766791	NC_023760.1:273-20320	+		PROTEIN_CODING			0		YP_009019180.1		6682	orf1ab polyprotein
22807879	SF15_gp02	NS2a	Betacoronavirus HKU24		1590370	NC_026011.1:21639-22469	+		PROTEIN_CODING			0		YP_009113023.1		276	non-structural protein NS2a
22807880	HE	hemagglutinin-esterase protein	Betacoronavirus HKU24		1590370	NC_026011.1:22484-23761	+		PROTEIN_CODING			0		YP_009113024.1		425	hemagglutinin-esterase protein
22807881	S	spike glycoprotein	Betacoronavirus HKU24		1590370	NC_026011.1:23777-27853	+		PROTEIN_CODING			0		YP_009113025.1		1358	spike glycoprotein
22807882	NS4	non-structural protein NS4	Betacoronavirus HKU24		1590370	NC_026011.1:27946-28356	+		PROTEIN_CODING			0		YP_009113026.1		136	non-structural protein NS4
22807883	NS5	non-structural protein NS5	Betacoronavirus HKU24		1590370	NC_026011.1:28338-28652	+		PROTEIN_CODING			0		YP_009113027.1		104	non-structural protein NS5
22807884	E	envelope protein	Betacoronavirus HKU24		1590370	NC_026011.1:28645-28893	+		PROTEIN_CODING			0		YP_009113028.1		82	envelope protein
22807885	M	membrane protein	Betacoronavirus HKU24		1590370	NC_026011.1:28908-29603	+		PROTEIN_CODING			0		YP_009113029.1		231	membrane protein
22807886	N2	internal protein	Betacoronavirus HKU24		1590370	NC_026011.1:29596-30288	+		PROTEIN_CODING			0		YP_009113030.1		230	internal protein
22807887	N	nucleocapsid protein	Betacoronavirus HKU24		1590370	NC_026011.1:29613-30944	+		PROTEIN_CODING			0		YP_009113031.1		443	nucleocapsid protein
22807888	ORF1ab	ORF1a polyprotein;ORF1ab polyprotein	Betacoronavirus HKU24		1590370	NC_026011.1:213-21637	+		PROTEIN_CODING			0		YP_009113022.1		7141	ORF1ab polyprotein
22807888	ORF1ab	ORF1a polyprotein;ORF1ab polyprotein	Betacoronavirus HKU24		1590370	NC_026011.1:213-21637	+		PROTEIN_CODING			0		YP_009944267.1		4430	ORF1a polyprotein
33349973	S	spike glycoprotein	Wencheng Sm shrew coronavirus		1508228	NC_035191.1:19208-22612	+		PROTEIN_CODING			0		YP_009389425.1		1134	spike glycoprotein
33349974	E	envelope protein	Wencheng Sm shrew coronavirus		1508228	NC_035191.1:23306-23533	+		PROTEIN_CODING			0		YP_009389426.1		75	envelope protein
33349975	M	membrane protein	Wencheng Sm shrew coronavirus		1508228	NC_035191.1:23546-24235	+		PROTEIN_CODING			0		YP_009389427.1		229	membrane protein
33349976	N	nucleocapsid protein	Wencheng Sm shrew coronavirus		1508228	NC_035191.1:24239-25339	+		PROTEIN_CODING			0		YP_009389428.1		366	nucleocapsid protein
33349977	ORF1ab	ORF1ab polyprotein	Wencheng Sm shrew coronavirus		1508228	NC_035191.1:228-19201	+		PROTEIN_CODING			0		YP_009389424.1		6324	ORF1ab polyprotein
37627553	ORF3	ORF3 protein	Bat coronavirus		1508220	NC_034440.1:25284-25589	+		PROTEIN_CODING			0		YP_009361858.1		101	ORF3 protein
37627554	S	spike protein	Bat coronavirus		1508220	NC_034440.1:21232-25269	+		PROTEIN_CODING			0		YP_009361857.1		1345	spike protein
37627555	ORF1b	ORF1ab polyprotein	Bat coronavirus		1508220	NC_034440.1:60-21290	+		PROTEIN_CODING			0		YP_009361856.2		7076	ORF1ab polyprotein
37627556	M	membrane glycoprotein	Bat coronavirus		1508220	NC_034440.1:27605-28264	+		PROTEIN_CODING			0		YP_009361863.1		219	membrane glycoprotein
37627557	N	Orf8b;nucleocapsid phosphoprotein	Bat coronavirus		1508220	NC_034440.1:28311-29558	+		PROTEIN_CODING			0		YP_009361864.1		415	nucleocapsid phosphoprotein
37627557	N	Orf8b;nucleocapsid phosphoprotein	Bat coronavirus		1508220	NC_034440.1:28311-29558	+		PROTEIN_CODING			0		YP_009944307.1		193	Orf8b
11948229	NS2a1	NS2a1 protein	Rabbit coronavirus HKU14		1160968	NC_017083.1:21673-21804	+		PROTEIN_CODING			0		YP_005454240.1		43	NS2a1 protein
11948230	NS2a2	NS2a2 protein	Rabbit coronavirus HKU14		1160968	NC_017083.1:21829-22020	+		PROTEIN_CODING			0		YP_005454241.1		63	NS2a2 protein
11948231	NS2a3	NS2a3 protein	Rabbit coronavirus HKU14		1160968	NC_017083.1:22126-22254	+		PROTEIN_CODING			0		YP_005454242.1		42	NS2a3 protein
11948232	NS2a4	NS2a4 protein	Rabbit coronavirus HKU14		1160968	NC_017083.1:22277-22492	+		PROTEIN_CODING			0		YP_005454243.1		71	NS2a4 protein
11948233	HE	hemagglutinin-esterase protein	Rabbit coronavirus HKU14		1160968	NC_017083.1:22504-23778	+		PROTEIN_CODING			0		YP_005454244.1		424	hemagglutinin-esterase protein
11948234	S	spike protein	Rabbit coronavirus HKU14		1160968	NC_017083.1:23793-27881	+		PROTEIN_CODING			0		YP_005454245.1		1362	spike protein
11948235	NS5a	NS5a protein	Rabbit coronavirus HKU14		1160968	NC_017083.1:28178-28507	+		PROTEIN_CODING			0		YP_005454246.1		109	NS5a protein
11948236	E	envelope protein	Rabbit coronavirus HKU14		1160968	NC_017083.1:28494-28763	+		PROTEIN_CODING			0		YP_005454247.1		89	envelope protein
11948237	M	membrane protein	Rabbit coronavirus HKU14		1160968	NC_017083.1:28760-29452	+		PROTEIN_CODING			0		YP_005454248.1		230	membrane protein
11948238	N	nucleocapsid protein	Rabbit coronavirus HKU14		1160968	NC_017083.1:29462-30796	+		PROTEIN_CODING			0		YP_005454249.1		444	nucleocapsid protein
13230771	ORF1ab	ORF1a polyprotein;ORF1ab polyprotein	Rabbit coronavirus HKU14		1160968	NC_017083.1:209-21663	+		PROTEIN_CODING			0		YP_005454239.1		7151	ORF1ab polyprotein
13230771	ORF1ab	ORF1a polyprotein;ORF1ab polyprotein	Rabbit coronavirus HKU14		1160968	NC_017083.1:209-21663	+		PROTEIN_CODING			0		YP_009944253.1		4443	ORF1a polyprotein
1724647	BCoVgp07	12.7 kDa non-structural protein	Bovine coronavirus		11128	NC_003045.1:28106-28435	+		PROTEIN_CODING			0		NP_150080.1		109	12.7 kDa non-structural protein
1724648	BCoVgp05	4.9 kDa non-structural protein	Bovine coronavirus		11128	NC_003045.1:27722-27811	+		PROTEIN_CODING			0		NP_150078.1		29	4.9 kDa non-structural protein
1724649	BCoVgp06	4.8 kDa non-structural protein	Bovine coronavirus		11128	NC_003045.1:27889-28026	+		PROTEIN_CODING			0		NP_150079.1		45	4.8 kDa non-structural protein
18585628	CN73_gp03	spike protein	Mink coronavirus strain WD1127		766791	NC_023760.1:20322-24638	+		PROTEIN_CODING			0		YP_009019182.1		1438	spike protein
18585629	CN73_gp02	orf1a polyprotein	Mink coronavirus strain WD1127		766791	NC_023760.1:273-12329	+		PROTEIN_CODING			0		YP_009019181.1		4018	orf1a polyprotein
18585630	CN73_gp04	non-structural protein 3c	Mink coronavirus strain WD1127		766791	NC_023760.1:24656-25399	+		PROTEIN_CODING			0		YP_009019183.1		247	non-structural protein 3c
6353555	3c	envelope protein	Turkey coronavirus		11152	NC_010800.1:24336-24635	+		PROTEIN_CODING			0		YP_001941169.1		99	envelope protein
6353557	M	membrane protein	Turkey coronavirus		11152	NC_010800.1:24637-25308	+		PROTEIN_CODING			0		YP_001941170.1		223	membrane protein
6353558	N	nucleocapsid protein	Turkey coronavirus		11152	NC_010800.1:26054-27283	+		PROTEIN_CODING			0		YP_001941174.1		409	nucleocapsid protein
6353560	1a	ORF1a	Turkey coronavirus		11152	NC_010800.1:529-12384	+		PROTEIN_CODING			0		YP_001941165.1		3951	ORF1a
6353561	5b	5b protein	Turkey coronavirus		11152	NC_010800.1:25863-26111	+		PROTEIN_CODING			0		YP_001941173.1		82	5b protein
6353562	5a	5a protein	Turkey coronavirus		11152	NC_010800.1:25669-25866	+		PROTEIN_CODING			0		YP_001941172.1		65	5a protein
921687	N	internal protein;nucleocapsid protein	Bovine coronavirus		11128	NC_003045.1:29393-30739	+		PROTEIN_CODING			0		NP_150083.1		448	nucleocapsid protein
921687	N	internal protein;nucleocapsid protein	Bovine coronavirus		11128	NC_003045.1:29393-30739	+		PROTEIN_CODING			0		NP_150084.1		207	internal protein
921690	NS	32 kDa non-structural protein	Bovine coronavirus		11128	NC_003045.1:21504-22340	+		PROTEIN_CODING			0		NP_150075.1		278	32 kDa non-structural protein
37627002	ORF3a	ORF3a	Betacoronavirus Erinaceus/VMC/DEU/2012		1385427	NC_039207.1:25620-25937	+		PROTEIN_CODING			0		YP_009513011.1		105	ORF3a
37627003	ORF3b	ORF3b	Betacoronavirus Erinaceus/VMC/DEU/2012		1385427	NC_039207.1:25714-26136	+		PROTEIN_CODING			0		YP_009513012.1		140	ORF3b
37627004	ORF4a	ORF4a	Betacoronavirus Erinaceus/VMC/DEU/2012		1385427	NC_039207.1:25891-26136	+		PROTEIN_CODING			0		YP_009513013.1		81	ORF4a
37627005	ORF4b	ORF4b	Betacoronavirus Erinaceus/VMC/DEU/2012		1385427	NC_039207.1:26123-26794	+		PROTEIN_CODING			0		YP_009513014.1		223	ORF4b
37627006	ORF5	ORF5	Betacoronavirus Erinaceus/VMC/DEU/2012		1385427	NC_039207.1:26804-27505	+		PROTEIN_CODING			0		YP_009513015.1		233	ORF5
37627007	E	E	Betacoronavirus Erinaceus/VMC/DEU/2012		1385427	NC_039207.1:27579-27827	+		PROTEIN_CODING			0		YP_009513016.1		82	E
37627008	M	membrane protein	Betacoronavirus Erinaceus/VMC/DEU/2012		1385427	NC_039207.1:27842-28498	+		PROTEIN_CODING			0		YP_009513017.1		218	membrane protein
37627009	N	nucleocapsid protein	Betacoronavirus Erinaceus/VMC/DEU/2012		1385427	NC_039207.1:28552-29826	+		PROTEIN_CODING			0		YP_009513018.1		424	nucleocapsid protein
37627010	ORF8b	ORF8b	Betacoronavirus Erinaceus/VMC/DEU/2012		1385427	NC_039207.1:28598-29197	+		PROTEIN_CODING			0		YP_009513019.1		199	ORF8b
37627011	S	spike protein	Betacoronavirus Erinaceus/VMC/DEU/2012		1385427	NC_039207.1:21610-25602	+		PROTEIN_CODING			0		YP_009513010.1		1330	spike protein
37627012	ORF1a	ORF1a polyprotein	Betacoronavirus Erinaceus/VMC/DEU/2012		1385427	NC_039207.1:241-13605	+		PROTEIN_CODING			0		YP_009513009.1		4454	ORF1a polyprotein
37627013	ORF1ab	ORF1ab polyprotein	Betacoronavirus Erinaceus/VMC/DEU/2012		1385427	NC_039207.1:241-21692	+		PROTEIN_CODING			0		YP_009513008.1		7150	ORF1ab polyprotein
55060247	1a	ORF1a polyprotein	Duck coronavirus		300188	NC_048214.1:347-12292	+		PROTEIN_CODING			0		YP_009825007.1		3981	ORF1a polyprotein
55060248	S	spike protein	Duck coronavirus		300188	NC_048214.1:20318-23893	+		PROTEIN_CODING			0		YP_009825008.1		1191	spike protein
55060249	3a	3a protein	Duck coronavirus		300188	NC_048214.1:23893-24066	+		PROTEIN_CODING			0		YP_009825009.1		57	3a protein
55060250	3b	3b protein	Duck coronavirus		300188	NC_048214.1:24066-24257	+		PROTEIN_CODING			0		YP_009825010.1		63	3b protein
55060251	3c	3c protein	Duck coronavirus		300188	NC_048214.1:24238-24519	+		PROTEIN_CODING			0		YP_009825011.1		93	3c protein
55060252	M	membrane protein	Duck coronavirus		300188	NC_048214.1:24516-25223	+		PROTEIN_CODING			0		YP_009825012.1		235	membrane protein
55060254	5a	5a protein	Duck coronavirus		300188	NC_048214.1:25587-25784	+		PROTEIN_CODING			0		YP_009825014.1		65	5a protein
55060255	5b	5b protein	Duck coronavirus		300188	NC_048214.1:25781-26029	+		PROTEIN_CODING			0		YP_009825015.1		82	5b protein
55060256	N	nucleocapsid protein	Duck coronavirus		300188	NC_048214.1:25972-27216	+		PROTEIN_CODING			0		YP_009825016.1		414	nucleocapsid protein
55060258	1ab	ORF1ab polyprotein	Duck coronavirus		300188	NC_048214.1:347-20364	+		PROTEIN_CODING			0		YP_009825006.1		6672	ORF1ab polyprotein
6020275	S	spike protein	Bat coronavirus 1A		393767	NC_010437.1:21071-25198	+		PROTEIN_CODING			0		YP_001718605.1		1375	spike protein
6353552	3b	3b protein	Turkey coronavirus		11152	NC_010800.1:24161-24355	+		PROTEIN_CODING			0		YP_001941168.1		64	3b protein
6353554	3a	3a protein	Turkey coronavirus		11152	NC_010800.1:23988-24161	+		PROTEIN_CODING			0		YP_001941167.1		57	3a protein
30522871	S	S protein	NL63-related bat coronavirus		1920748	NC_032107.1:20514-24632	+		PROTEIN_CODING			0		YP_009328935.1		1372	S protein
30522872	ORF3	ORF3 protein	NL63-related bat coronavirus		1920748	NC_032107.1:24632-25315	+		PROTEIN_CODING			0		YP_009328936.1		227	ORF3 protein
30522873	E	E protein	NL63-related bat coronavirus		1920748	NC_032107.1:25296-25529	+		PROTEIN_CODING			0		YP_009328937.1		77	E protein
30522874	M	M protein	NL63-related bat coronavirus		1920748	NC_032107.1:25538-26230	+		PROTEIN_CODING			0		YP_009328938.1		230	M protein
30522875	N	N protein	NL63-related bat coronavirus		1920748	NC_032107.1:26241-27464	+		PROTEIN_CODING			0		YP_009328939.1		407	N protein
30522876	ORFx	ORFx protein	NL63-related bat coronavirus		1920748	NC_032107.1:27927-28214	+		PROTEIN_CODING			0		YP_009328940.1		95	ORFx protein
30522877	orf1ab	ORF1a protein;ORF1ab protein	NL63-related bat coronavirus		1920748	NC_032107.1:242-20517	+		PROTEIN_CODING			0		YP_009328933.1		6758	ORF1ab protein
30522877	orf1ab	ORF1a protein;ORF1ab protein	NL63-related bat coronavirus		1920748	NC_032107.1:242-20517	+		PROTEIN_CODING			0		YP_009328934.1		4086	ORF1a protein
55060266	S	S protein	NL63-related bat coronavirus		1920748	NC_048216.1:20590-24711	+		PROTEIN_CODING			0		YP_009824967.1		1373	S protein
55060267	ORF3	ORF3 protein	NL63-related bat coronavirus		1920748	NC_048216.1:24711-25394	+		PROTEIN_CODING			0		YP_009824968.1		227	ORF3 protein
55060268	E	E protein	NL63-related bat coronavirus		1920748	NC_048216.1:25375-25608	+		PROTEIN_CODING			0		YP_009824969.1		77	E protein
55060269	M	M protein	NL63-related bat coronavirus		1920748	NC_048216.1:25620-26300	+		PROTEIN_CODING			0		YP_009824970.1		226	M protein
55060270	N	N protein	NL63-related bat coronavirus		1920748	NC_048216.1:26312-27613	+		PROTEIN_CODING			0		YP_009824971.1		433	N protein
55060271	ORFx	ORFx protein	NL63-related bat coronavirus		1920748	NC_048216.1:28196-28486	+		PROTEIN_CODING			0		YP_009824972.1		96	ORFx protein
55060272	orf1ab	ORF1a protein;ORF1ab protein	NL63-related bat coronavirus		1920748	NC_048216.1:246-20593	+		PROTEIN_CODING			0		YP_009824965.1		6782	ORF1ab protein
55060272	orf1ab	ORF1a protein;ORF1ab protein	NL63-related bat coronavirus		1920748	NC_048216.1:246-20593	+		PROTEIN_CODING			0		YP_009824966.1		4113	ORF1a protein
6020260	E	envelope protein	Miniopterus bat coronavirus HKU8		694001	NC_010438.1:25735-25959	+		PROTEIN_CODING			0		YP_001718614.1		74	envelope protein
6020261	ORF3	ORF3 protein	Miniopterus bat coronavirus HKU8		694001	NC_010438.1:25083-25751	+		PROTEIN_CODING			0		YP_001718613.1		222	ORF3 protein
6020262	S	spike protein	Miniopterus bat coronavirus HKU8		694001	NC_010438.1:20956-25083	+		PROTEIN_CODING			0		YP_001718612.1		1375	spike protein
6020263	ORF1ab	ORF1a polyprotein;ORF1ab polyprotein	Miniopterus bat coronavirus HKU8		694001	NC_010438.1:270-20959	+		PROTEIN_CODING			0		YP_001718610.1		6896	ORF1ab polyprotein
6020263	ORF1ab	ORF1a polyprotein;ORF1ab polyprotein	Miniopterus bat coronavirus HKU8		694001	NC_010438.1:270-20959	+		PROTEIN_CODING			0		YP_001718611.1		4231	ORF1a polyprotein
6020264	N	nucleocapsid protein	Miniopterus bat coronavirus HKU8		694001	NC_010438.1:26770-28038	+		PROTEIN_CODING			0		YP_001718616.1		422	nucleocapsid protein
6020266	M	membrane protein	Miniopterus bat coronavirus HKU8		694001	NC_010438.1:25966-26721	+		PROTEIN_CODING			0		YP_001718615.1		251	membrane protein
6020270	ORF1ab	ORF1a polyprotein;ORF1ab polyprotein	Bat coronavirus 1A		393767	NC_010437.1:272-21069	+		PROTEIN_CODING			0		YP_001718603.1		6932	ORF1ab polyprotein
6020270	ORF1ab	ORF1a polyprotein;ORF1ab polyprotein	Bat coronavirus 1A		393767	NC_010437.1:272-21069	+		PROTEIN_CODING			0		YP_001718604.1		4268	ORF1a polyprotein
6020271	N	nucleocapsid protein	Bat coronavirus 1A		393767	NC_010437.1:26870-28039	+		PROTEIN_CODING			0		YP_001718609.1		389	nucleocapsid protein
6020272	M	membrane protein	Bat coronavirus 1A		393767	NC_010437.1:26082-26849	+		PROTEIN_CODING			0		YP_001718608.1		255	membrane protein
6020273	E	envelope protein	Bat coronavirus 1A		393767	NC_010437.1:25851-26075	+		PROTEIN_CODING			0		YP_001718607.1		74	envelope protein
6020274	ORF3	ORF3 protein	Bat coronavirus 1A		393767	NC_010437.1:25198-25857	+		PROTEIN_CODING			0		YP_001718606.1		219	ORF3 protein
54124783	HGI29_gp07	membrane protein	Canada goose coronavirus		2569586	NC_046965.1:24212-24892	+		PROTEIN_CODING			0		YP_009755901.1		226	membrane protein
54124784	HGI29_gp08	ORF5b	Canada goose coronavirus		2569586	NC_046965.1:24892-25158	+		PROTEIN_CODING			0		YP_009755902.1		88	ORF5b
54124785	HGI29_gp09	ORF6	Canada goose coronavirus		2569586	NC_046965.1:25155-25346	+		PROTEIN_CODING			0		YP_009755903.1		63	ORF6
54124786	HGI29_gp10	ORF7a	Canada goose coronavirus		2569586	NC_046965.1:25354-25632	+		PROTEIN_CODING			0		YP_009755904.1		92	ORF7a
54124787	HGI29_gp11	ORF7b	Canada goose coronavirus		2569586	NC_046965.1:25574-25783	+		PROTEIN_CODING			0		YP_009755905.1		69	ORF7b
54124788	HGI29_gp12	ORF8a	Canada goose coronavirus		2569586	NC_046965.1:25767-25967	+		PROTEIN_CODING			0		YP_009755906.1		66	ORF8a
54124789	HGI29_gp13	ORF8b	Canada goose coronavirus		2569586	NC_046965.1:25964-26221	+		PROTEIN_CODING			0		YP_009755907.1		85	ORF8b
54124790	HGI29_gp14	nucleocapsid protein	Canada goose coronavirus		2569586	NC_046965.1:26149-27393	+		PROTEIN_CODING			0		YP_009755908.1		414	nucleocapsid protein
54124791	HGI29_gp15	ORF10	Canada goose coronavirus		2569586	NC_046965.1:27398-27691	+		PROTEIN_CODING			0		YP_009755909.1		97	ORF10
54124792	HGI29_gp16	ORF11	Canada goose coronavirus		2569586	NC_046965.1:27669-28211	+		PROTEIN_CODING			0		YP_009755910.1		180	ORF11
54124793	HGI29_gp01	ORF1ab polyprotein	Canada goose coronavirus		2569586	NC_046965.1:554-20085	+		PROTEIN_CODING			0		YP_009755895.1		6510	ORF1ab polyprotein
6264433	CoVSW1_gp09	ORF 6	Beluga whale coronavirus SW1		694015	NC_010646.1:27378-28064	+		PROTEIN_CODING			0		YP_001876443.1		228	ORF 6
6264434	CoVSW1_gp04	small membrane protein	Beluga whale coronavirus SW1		694015	NC_010646.1:24874-25161	+		PROTEIN_CODING			0		YP_001876438.1		95	small membrane protein
6264435	CoVSW1_gp13	ORF 10	Beluga whale coronavirus SW1		694015	NC_010646.1:29402-30034	+		PROTEIN_CODING			0		YP_001876447.1		210	ORF 10
6264436	CoVSW1_gp12	ORF 9	Beluga whale coronavirus SW1		694015	NC_010646.1:28941-29399	+		PROTEIN_CODING			0		YP_001876446.1		152	ORF 9
6264437	CoVSW1_gp06	ORF 5a	Beluga whale coronavirus SW1		694015	NC_010646.1:25930-26346	+		PROTEIN_CODING			0		YP_001876440.1		138	ORF 5a
6264438	CoVSW1_gp02	ORF 1a polyprotein	Beluga whale coronavirus SW1		694015	NC_010646.1:524-12418	+		PROTEIN_CODING			0		YP_001876436.1		3964	ORF 1a polyprotein
6264439	CoVSW1_gp14	nucleocapsid protein	Beluga whale coronavirus SW1		694015	NC_010646.1:30146-31285	+		PROTEIN_CODING			0		YP_001876448.1		379	nucleocapsid protein
6264440	CoVSW1_gp07	ORF 5b	Beluga whale coronavirus SW1		694015	NC_010646.1:26339-26857	+		PROTEIN_CODING			0		YP_001876441.1		172	ORF 5b
6264441	CoVSW1_gp05	matrix glycoprotein	Beluga whale coronavirus SW1		694015	NC_010646.1:25145-25927	+		PROTEIN_CODING			0		YP_001876439.1		260	matrix glycoprotein
6264442	CoVSW1_gp11	ORF 8	Beluga whale coronavirus SW1		694015	NC_010646.1:28705-28884	+		PROTEIN_CODING			0		YP_001876445.1		59	ORF 8
6264443	CoVSW1_gp03	spike protein	Beluga whale coronavirus SW1		694015	NC_010646.1:20450-24868	+		PROTEIN_CODING			0		YP_001876437.1		1472	spike protein
6264444	CoVSW1_gp01	ORF 1ab polyprotein	Beluga whale coronavirus SW1		694015	NC_010646.1:524-20514	+		PROTEIN_CODING			0		YP_001876435.1		6663	ORF 1ab polyprotein
6264445	CoVSW1_gp08	ORF 5c	Beluga whale coronavirus SW1		694015	NC_010646.1:26847-27374	+		PROTEIN_CODING			0		YP_001876442.1		175	ORF 5c
6264446	CoVSW1_gp10	ORF 7	Beluga whale coronavirus SW1		694015	NC_010646.1:28067-28552	+		PROTEIN_CODING			0		YP_001876444.1		161	ORF 7
37616145	S	spike glycoprotein	Bulbul coronavirus HKU11-934		572288	NC_011547.1:19382-22879	+		PROTEIN_CODING			0		YP_002308479.1		1165	spike glycoprotein
37616146	E	small membrane protein	Bulbul coronavirus HKU11-934		572288	NC_011547.1:22873-23121	+		PROTEIN_CODING			0		YP_002308480.1		82	small membrane protein
37616147	M	membrane protein	Bulbul coronavirus HKU11-934		572288	NC_011547.1:23118-23819	+		PROTEIN_CODING			0		YP_002308481.1		233	membrane protein
37616148	NS6	nonstructural protein	Bulbul coronavirus HKU11-934		572288	NC_011547.1:23819-24106	+		PROTEIN_CODING			0		YP_002308482.1		95	nonstructural protein
37616149	N	nucleocapsid phosphoprotein	Bulbul coronavirus HKU11-934		572288	NC_011547.1:24127-25176	+		PROTEIN_CODING			0		YP_002308483.1		349	nucleocapsid phosphoprotein
37616150	NS7a	nonstructural protein	Bulbul coronavirus HKU11-934		572288	NC_011547.1:25355-25726	+		PROTEIN_CODING			0		YP_002308484.1		123	nonstructural protein
37616151	NS7b	nonstructural protein	Bulbul coronavirus HKU11-934		572288	NC_011547.1:25732-25986	+		PROTEIN_CODING			0		YP_002308485.1		84	nonstructural protein
37616152	NS7c	nonstructural protein	Bulbul coronavirus HKU11-934		572288	NC_011547.1:25983-26267	+		PROTEIN_CODING			0		YP_002308486.1		94	nonstructural protein
37616153	orf1ab	orf1ab polyprotein	Bulbul coronavirus HKU11-934		572288	NC_011547.1:607-19400	+		PROTEIN_CODING			0		YP_002308478.1		6264	orf1ab polyprotein
54124778	HGI29_gp03	spike protein	Canada goose coronavirus		2569586	NC_046965.1:20069-23623	+		PROTEIN_CODING			0		YP_009755897.1		1184	spike protein
54124779	HGI29_gp02	ORF1a polyprotein	Canada goose coronavirus		2569586	NC_046965.1:554-12031	+		PROTEIN_CODING			0		YP_009755896.1		3825	ORF1a polyprotein
54124780	HGI29_gp04	ORF3	Canada goose coronavirus		2569586	NC_046965.1:23616-23777	+		PROTEIN_CODING			0		YP_009755898.1		53	ORF3
54124781	HGI29_gp05	ORF4a	Canada goose coronavirus		2569586	NC_046965.1:23786-23953	+		PROTEIN_CODING			0		YP_009755899.1		55	ORF4a
54124782	HGI29_gp06	envelope protein	Canada goose coronavirus		2569586	NC_046965.1:23913-24215	+		PROTEIN_CODING			0		YP_009755900.1		100	envelope protein
7040222	NS7c	nonstructural protein	Thrush coronavirus HKU12-600		572290	NC_011549.1:25940-26173	+		PROTEIN_CODING			0		YP_002308504.1		77	nonstructural protein
7040223	orf1ab	orf1ab polyprotein	Thrush coronavirus HKU12-600		572290	NC_011549.1:592-19451	+		PROTEIN_CODING			0		YP_002308496.1		6286	orf1ab polyprotein
7040225	orf1ab	orf1ab polyprotein	Munia coronavirus HKU13-3514		572289	NC_011550.1:595-19517	+		PROTEIN_CODING			0		YP_002308505.1		6307	orf1ab polyprotein
7040226	S	spike glycoprotein	Munia coronavirus HKU13-3514		572289	NC_011550.1:19499-22969	+		PROTEIN_CODING			0		YP_002308506.1		1156	spike glycoprotein
7040227	E	small membrane protein	Munia coronavirus HKU13-3514		572289	NC_011550.1:22963-23211	+		PROTEIN_CODING			0		YP_002308507.1		82	small membrane protein
7040228	M	membrane protein	Munia coronavirus HKU13-3514		572289	NC_011550.1:23204-23860	+		PROTEIN_CODING			0		YP_002308508.1		218	membrane protein
7040229	NS6	nonstructural protein	Munia coronavirus HKU13-3514		572289	NC_011550.1:23860-24186	+		PROTEIN_CODING			0		YP_002308509.1		108	nonstructural protein
7040230	N	nucleocapsid phosphoprotein	Munia coronavirus HKU13-3514		572289	NC_011550.1:24326-25384	+		PROTEIN_CODING			0		YP_002308510.1		352	nucleocapsid phosphoprotein
7040231	NS7a	nonstructural protein	Munia coronavirus HKU13-3514		572289	NC_011550.1:25417-25788	+		PROTEIN_CODING			0		YP_002308511.1		123	nonstructural protein
7040232	NS7b	nonstructural protein	Munia coronavirus HKU13-3514		572289	NC_011550.1:25794-26051	+		PROTEIN_CODING			0		YP_002308512.1		85	nonstructural protein
7040233	NS7c	nonstructural protein	Munia coronavirus HKU13-3514		572289	NC_011550.1:26048-26329	+		PROTEIN_CODING			0		YP_002308513.1		93	nonstructural protein
26628038	AVU56_gp6	nucleocapsid protein	BtRf-AlphaCoV/YN2012		1503293	NC_028824.1:25283-26410	+		PROTEIN_CODING			0		YP_009200739.1		375	nucleocapsid protein
26628039	AVU56_gp1	ORF1ab polyprotein	BtRf-AlphaCoV/YN2012		1503293	NC_028824.1:135-20284	+		PROTEIN_CODING			0		YP_009200734.1		6716	ORF1ab polyprotein
26628970	AVU58_gp2	spike glycoprotein	BtNv-AlphaCoV/SC2013		1503291	NC_028833.1:20083-24114	+		PROTEIN_CODING			0		YP_009201730.1		1343	spike glycoprotein
26628972	AVU58_gp4	small envelope protein	BtNv-AlphaCoV/SC2013		1503291	NC_028833.1:24762-24989	+		PROTEIN_CODING			0		YP_009201732.1		75	small envelope protein
26628973	AVU58_gp5	membrane glycoprotein	BtNv-AlphaCoV/SC2013		1503291	NC_028833.1:24996-25682	+		PROTEIN_CODING			0		YP_009201733.1		228	membrane glycoprotein
26628974	AVU58_gp6	nucleocapsid protein	BtNv-AlphaCoV/SC2013		1503291	NC_028833.1:25691-26986	+		PROTEIN_CODING			0		YP_009201734.1		431	nucleocapsid protein
26628975	AVU58_gp1	ORF1ab polyprotein	BtNv-AlphaCoV/SC2013		1503291	NC_028833.1:214-20009	+		PROTEIN_CODING			0		YP_009201729.1		6598	ORF1ab polyprotein
34719090	NS7a	NS7a protein	Sparrow coronavirus HKU17		1159906	NC_016992.1:24244-24846	+		PROTEIN_CODING			0		YP_009433743.1		200	NS7a protein
37627015	S	spike glycoprotein	Porcine coronavirus HKU15		1159905	NC_039208.1:19317-22796	+		PROTEIN_CODING			0		YP_009513021.1		1159	spike glycoprotein
37627016	E	envelope protein	Porcine coronavirus HKU15		1159905	NC_039208.1:22790-23041	+		PROTEIN_CODING			0		YP_009513022.1		83	envelope protein
37627017	M	membrane protein	Porcine coronavirus HKU15		1159905	NC_039208.1:23034-23687	+		PROTEIN_CODING			0		YP_009513023.1		217	membrane protein
37627018	NS6	NS6 protein	Porcine coronavirus HKU15		1159905	NC_039208.1:23687-23971	+		PROTEIN_CODING			0		YP_009513024.1		94	NS6 protein
37627019	N	nucleocapsid protein	Porcine coronavirus HKU15		1159905	NC_039208.1:23992-25020	+		PROTEIN_CODING			0		YP_009513025.1		342	nucleocapsid protein
37627020	NS7	NS7 protein	Porcine coronavirus HKU15		1159905	NC_039208.1:24086-24688	+		PROTEIN_CODING			0		YP_009513026.1		200	NS7 protein
4836012	S	spike glycoprotein	Rousettus bat coronavirus HKU9		694006	NC_009021.1:20974-24798	+		PROTEIN_CODING			0		YP_001039971.1		1274	spike glycoprotein
4836015	E	envelope protein	Rousettus bat coronavirus HKU9		694006	NC_009021.1:25457-25696	+		PROTEIN_CODING			0		YP_001039973.1		79	envelope protein
4836016	M	membrane glycoprotein	Rousettus bat coronavirus HKU9		694006	NC_009021.1:25689-26357	+		PROTEIN_CODING			0		YP_001039974.1		222	membrane glycoprotein
4836017	N	nucleocapsid phosphoprotein	Rousettus bat coronavirus HKU9		694006	NC_009021.1:26419-27825	+		PROTEIN_CODING			0		YP_001039975.1		468	nucleocapsid phosphoprotein
7040215	S	spike glycoprotein	Thrush coronavirus HKU12-600		572290	NC_011549.1:19433-23011	+		PROTEIN_CODING			0		YP_002308497.1		1192	spike glycoprotein
7040216	E	small membrane protein	Thrush coronavirus HKU12-600		572290	NC_011549.1:23005-23253	+		PROTEIN_CODING			0		YP_002308498.1		82	small membrane protein
7040217	M	membrane protein	Thrush coronavirus HKU12-600		572290	NC_011549.1:23246-23899	+		PROTEIN_CODING			0		YP_002308499.1		217	membrane protein
7040218	NS6	nonstructural protein	Thrush coronavirus HKU12-600		572290	NC_011549.1:23899-24174	+		PROTEIN_CODING			0		YP_002308500.1		91	nonstructural protein
7040219	N	nucleocapsid phosphoprotein	Thrush coronavirus HKU12-600		572290	NC_011549.1:24192-25223	+		PROTEIN_CODING			0		YP_002308501.1		343	nucleocapsid phosphoprotein
7040220	NS7a	nonstructural protein	Thrush coronavirus HKU12-600		572290	NC_011549.1:25255-25626	+		PROTEIN_CODING			0		YP_002308502.1		123	nonstructural protein
7040221	NS7b	nonstructural protein	Thrush coronavirus HKU12-600		572290	NC_011549.1:25632-25883	+		PROTEIN_CODING			0		YP_002308503.1		83	nonstructural protein
11945671	NS7b	NS7b protein	Wigeon coronavirus HKU20		1159908	NC_016995.1:25218-25466	+		PROTEIN_CODING			0		YP_005352877.1		82	NS7b protein
11945672	NS7c	NS7c protein	Wigeon coronavirus HKU20		1159908	NC_016995.1:25450-25716	+		PROTEIN_CODING			0		YP_005352878.1		88	NS7c protein
11945673	NS7d	NS7d protein	Wigeon coronavirus HKU20		1159908	NC_016995.1:25752-25952	+		PROTEIN_CODING			0		YP_005352879.1		66	NS7d protein
11945676	orf1ab	ORF1a polyprotein;ORF1ab polyprotein	Common moorhen coronavirus HKU21		1159902	NC_016996.1:478-19103	+		PROTEIN_CODING			0		YP_005352880.1		6208	ORF1ab polyprotein
11945676	orf1ab	ORF1a polyprotein;ORF1ab polyprotein	Common moorhen coronavirus HKU21		1159902	NC_016996.1:478-19103	+		PROTEIN_CODING			0		YP_010229074.1		3529	ORF1a polyprotein
11945677	S	spike glycoprotein	Common moorhen coronavirus HKU21		1159902	NC_016996.1:19085-22729	+		PROTEIN_CODING			0		YP_005352881.1		1214	spike glycoprotein
11945678	E	envelope protein	Common moorhen coronavirus HKU21		1159902	NC_016996.1:22723-22971	+		PROTEIN_CODING			0		YP_005352882.1		82	envelope protein
11945679	M	membrane protein	Common moorhen coronavirus HKU21		1159902	NC_016996.1:22973-23779	+		PROTEIN_CODING			0		YP_005352883.1		268	membrane protein
11945680	NS6	NS6 protein	Common moorhen coronavirus HKU21		1159902	NC_016996.1:23779-24024	+		PROTEIN_CODING			0		YP_005352884.1		81	NS6 protein
11945681	N	nucleocapsid protein	Common moorhen coronavirus HKU21		1159902	NC_016996.1:24052-25107	+		PROTEIN_CODING			0		YP_005352885.1		351	nucleocapsid protein
11945682	NS7a	NS7a protein	Common moorhen coronavirus HKU21		1159902	NC_016996.1:25107-25379	+		PROTEIN_CODING			0		YP_005352886.1		90	NS7a protein
11945683	NS7b	NS7b protein	Common moorhen coronavirus HKU21		1159902	NC_016996.1:25391-25576	+		PROTEIN_CODING			0		YP_005352887.1		61	NS7b protein
11945684	NS7c	NS7c protein	Common moorhen coronavirus HKU21		1159902	NC_016996.1:25500-25916	+		PROTEIN_CODING			0		YP_005352888.1		138	NS7c protein
26626797	AVU60_gp2	spike glycoprotein	BtMr-AlphaCoV/SAX2011		1503289	NC_028811.1:20288-24451	+		PROTEIN_CODING			0		YP_009199609.1		1387	spike glycoprotein
26626799	AVU60_gp4	small envelope protein	BtMr-AlphaCoV/SAX2011		1503289	NC_028811.1:25109-25339	+		PROTEIN_CODING			0		YP_009199611.1		76	small envelope protein
26626800	AVU60_gp5	membrane glycoprotein	BtMr-AlphaCoV/SAX2011		1503289	NC_028811.1:25349-26032	+		PROTEIN_CODING			0		YP_009199612.1		227	membrane glycoprotein
26626801	AVU60_gp6	nucleocapsid protein	BtMr-AlphaCoV/SAX2011		1503289	NC_028811.1:26041-27330	+		PROTEIN_CODING			0		YP_009199613.1		429	nucleocapsid protein
26626802	AVU60_gp1	ORF1ab polyprotein	BtMr-AlphaCoV/SAX2011		1503289	NC_028811.1:299-20286	+		PROTEIN_CODING			0		YP_009199608.1		6662	ORF1ab polyprotein
26626965	AVU57_gp2	spike glycoprotein	BtRf-AlphaCoV/HuB2013		1503292	NC_028814.1:20226-24338	+		PROTEIN_CODING			0		YP_009199790.1		1370	spike glycoprotein
26626967	AVU57_gp4	small envelope protein	BtRf-AlphaCoV/HuB2013		1503292	NC_028814.1:25035-25232	+		PROTEIN_CODING			0		YP_009199792.1		65	small envelope protein
26626968	AVU57_gp5	membrane glycoprotein	BtRf-AlphaCoV/HuB2013		1503292	NC_028814.1:25242-25925	+		PROTEIN_CODING			0		YP_009199793.1		227	membrane glycoprotein
26626969	AVU57_gp6	nucleocapsid protein	BtRf-AlphaCoV/HuB2013		1503292	NC_028814.1:25937-27088	+		PROTEIN_CODING			0		YP_009199794.1		383	nucleocapsid protein
26626971	AVU57_gp1	ORF1ab polyprotein	BtRf-AlphaCoV/HuB2013		1503292	NC_028814.1:42-20224	+		PROTEIN_CODING			0		YP_009199789.1		6727	ORF1ab polyprotein
26628034	AVU56_gp2	spike glycoprotein	BtRf-AlphaCoV/YN2012		1503293	NC_028824.1:20281-23679	+		PROTEIN_CODING			0		YP_009200735.1		1132	spike glycoprotein
26628036	AVU56_gp4	small envelope protein	BtRf-AlphaCoV/YN2012		1503293	NC_028824.1:24349-24576	+		PROTEIN_CODING			0		YP_009200737.1		75	small envelope protein
26628037	AVU56_gp5	membrane glycoprotein	BtRf-AlphaCoV/YN2012		1503293	NC_028824.1:24585-25271	+		PROTEIN_CODING			0		YP_009200738.1		228	membrane glycoprotein
11945639	orf1ab	ORF1ab polyprotein	Sparrow coronavirus HKU17		1159906	NC_016992.1:520-19352	+		PROTEIN_CODING			0		YP_005352845.1		6277	ORF1ab polyprotein
11945642	ORF1ab	ORF1a polyprotein;replicase polyprotein	Magpie-robin coronavirus HKU18		1159903	NC_016993.1:596-19356	+		PROTEIN_CODING			0		YP_005352853.1		6253	replicase polyprotein
11945642	ORF1ab	ORF1a polyprotein;replicase polyprotein	Magpie-robin coronavirus HKU18		1159903	NC_016993.1:596-19356	+		PROTEIN_CODING			0		YP_010229072.1		3614	ORF1a polyprotein
11945643	S	spike glycoprotein	Magpie-robin coronavirus HKU18		1159903	NC_016993.1:19338-22991	+		PROTEIN_CODING			0		YP_005352854.1		1217	spike glycoprotein
11945644	E	envelope protein	Magpie-robin coronavirus HKU18		1159903	NC_016993.1:22985-23233	+		PROTEIN_CODING			0		YP_005352855.1		82	envelope protein
11945645	M	membrane protein	Magpie-robin coronavirus HKU18		1159903	NC_016993.1:23226-23882	+		PROTEIN_CODING			0		YP_005352856.1		218	membrane protein
11945646	NS6	NS6 protein	Magpie-robin coronavirus HKU18		1159903	NC_016993.1:23882-24172	+		PROTEIN_CODING			0		YP_005352857.1		96	NS6 protein
11945647	N	nucleocapsid protein	Magpie-robin coronavirus HKU18		1159903	NC_016993.1:24355-25395	+		PROTEIN_CODING			0		YP_005352858.1		346	nucleocapsid protein
11945648	NS7a	NS7a protein	Magpie-robin coronavirus HKU18		1159903	NC_016993.1:25407-25580	+		PROTEIN_CODING			0		YP_005352859.1		57	NS7a protein
11945649	NS7b	NS7b protein	Magpie-robin coronavirus HKU18		1159903	NC_016993.1:25561-25932	+		PROTEIN_CODING			0		YP_005352860.1		123	NS7b protein
11945650	NS7c	NS7c protein	Magpie-robin coronavirus HKU18		1159903	NC_016993.1:25941-26195	+		PROTEIN_CODING			0		YP_005352861.1		84	NS7c protein
11945653	orf1ab	replicase polyprotein	Night heron coronavirus HKU19		1159904	NC_016994.1:482-19323	+		PROTEIN_CODING			0		YP_005352862.1		6280	replicase polyprotein
11945654	S	spike glycoprotein	Night heron coronavirus HKU19		1159904	NC_016994.1:19305-23069	+		PROTEIN_CODING			0		YP_005352863.1		1254	spike glycoprotein
11945655	E	envelope protein	Night heron coronavirus HKU19		1159904	NC_016994.1:23069-23317	+		PROTEIN_CODING			0		YP_005352864.1		82	envelope protein
11945656	M	membrane protein	Night heron coronavirus HKU19		1159904	NC_016994.1:23310-23960	+		PROTEIN_CODING			0		YP_005352865.1		216	membrane protein
11945657	NS6	NS6 protein	Night heron coronavirus HKU19		1159904	NC_016994.1:23960-24238	+		PROTEIN_CODING			0		YP_005352866.1		92	NS6 protein
11945658	N	nucleocapsid protein	Night heron coronavirus HKU19		1159904	NC_016994.1:24248-25276	+		PROTEIN_CODING			0		YP_005352867.1		342	nucleocapsid protein
11945659	NS7a	NS7a protein	Night heron coronavirus HKU19		1159904	NC_016994.1:25277-25573	+		PROTEIN_CODING			0		YP_005352868.1		98	NS7a protein
11945660	NS7b	NS7b protein	Night heron coronavirus HKU19		1159904	NC_016994.1:25583-25876	+		PROTEIN_CODING			0		YP_005352869.1		97	NS7b protein
11945664	ORF1ab	ORF1a polyprotein;ORF1ab polyprotein	Wigeon coronavirus HKU20		1159908	NC_016995.1:219-18838	+		PROTEIN_CODING			0		YP_005352870.1		6206	ORF1ab polyprotein
11945664	ORF1ab	ORF1a polyprotein;ORF1ab polyprotein	Wigeon coronavirus HKU20		1159908	NC_016995.1:219-18838	+		PROTEIN_CODING			0		YP_010229073.1		3569	ORF1a polyprotein
11945665	S	spike glycoprotein	Wigeon coronavirus HKU20		1159908	NC_016995.1:18817-22455	+		PROTEIN_CODING			0		YP_005352871.1		1212	spike glycoprotein
11945666	E	envelope protein	Wigeon coronavirus HKU20		1159908	NC_016995.1:22455-22715	+		PROTEIN_CODING			0		YP_005352872.1		86	envelope protein
11945667	M	membrane protein	Wigeon coronavirus HKU20		1159908	NC_016995.1:22708-23358	+		PROTEIN_CODING			0		YP_005352873.1		216	membrane protein
11945668	NS6	NS6 protein	Wigeon coronavirus HKU20		1159908	NC_016995.1:23358-23630	+		PROTEIN_CODING			0		YP_005352874.1		90	NS6 protein
11945669	N	nucleocapsid protein	Wigeon coronavirus HKU20		1159908	NC_016995.1:23646-24698	+		PROTEIN_CODING			0		YP_005352875.1		350	nucleocapsid protein
11945670	NS7a	NS7a protein	Wigeon coronavirus HKU20		1159908	NC_016995.1:24695-24928	+		PROTEIN_CODING			0		YP_005352876.1		77	NS7a protein
11945622	S	spike glycoprotein	White-eye coronavirus HKU16		1159907	NC_016991.1:19379-22918	+		PROTEIN_CODING			0		YP_005352838.1		1179	spike glycoprotein
11945623	E	envelope protein	White-eye coronavirus HKU16		1159907	NC_016991.1:22912-23160	+		PROTEIN_CODING			0		YP_005352839.1		82	envelope protein
11945624	M	membrane protein	White-eye coronavirus HKU16		1159907	NC_016991.1:23153-23809	+		PROTEIN_CODING			0		YP_005352840.1		218	membrane protein
11945625	NS6	NS6 protein	White-eye coronavirus HKU16		1159907	NC_016991.1:23809-24090	+		PROTEIN_CODING			0		YP_005352841.1		93	NS6 protein
11945626	N	nucleocapsid protein	White-eye coronavirus HKU16		1159907	NC_016991.1:24115-25158	+		PROTEIN_CODING			0		YP_005352842.1		347	nucleocapsid protein
11945627	NS7a	NS7a protein	White-eye coronavirus HKU16		1159907	NC_016991.1:24143-24811	+		PROTEIN_CODING			0		YP_005352843.1		222	NS7a protein
11945628	NS7b	NS7b protein	White-eye coronavirus HKU16		1159907	NC_016991.1:25139-25270	+		PROTEIN_CODING			0		YP_005352844.1		43	NS7b protein
11945629	ORF1ab	ORF1ab polyprotein	White-eye coronavirus HKU16		1159907	NC_016991.1:511-19397	+		PROTEIN_CODING			0		YP_005352837.1		6295	ORF1ab polyprotein
11945632	S	spike glycoprotein	Sparrow coronavirus HKU17		1159906	NC_016992.1:19334-22954	+		PROTEIN_CODING			0		YP_005352846.1		1206	spike glycoprotein
11945633	E	envelope protein	Sparrow coronavirus HKU17		1159906	NC_016992.1:22948-23196	+		PROTEIN_CODING			0		YP_005352847.1		82	envelope protein
11945634	M	membrane protein	Sparrow coronavirus HKU17		1159906	NC_016992.1:23189-23842	+		PROTEIN_CODING			0		YP_005352848.1		217	membrane protein
11945635	NS6	NS6 protein	Sparrow coronavirus HKU17		1159906	NC_016992.1:23842-24129	+		PROTEIN_CODING			0		YP_005352849.1		95	NS6 protein
11945636	N	nucleocapsid protein	Sparrow coronavirus HKU17		1159906	NC_016992.1:24150-25178	+		PROTEIN_CODING			0		YP_005352850.1		342	nucleocapsid protein
11945637	NS7b	NS7b protein	Sparrow coronavirus HKU17		1159906	NC_016992.1:25189-25623	+		PROTEIN_CODING			0		YP_005352851.1		144	NS7b protein
11945638	NS7c	NS7c protein	Sparrow coronavirus HKU17		1159906	NC_016992.1:25539-25751	+		PROTEIN_CODING			0		YP_005352852.1		70	NS7c protein
54124705	S	spike glycoprotein	Rodent coronavirus		2050018	NC_046954.1:23757-27842	+		PROTEIN_CODING			0		YP_009755834.1		1361	spike glycoprotein
54124706	E	envelope protein	Rodent coronavirus		2050018	NC_046954.1:28768-29016	+		PROTEIN_CODING			0		YP_009755835.1		82	envelope protein
54124707	M	membrane protein	Rodent coronavirus		2050018	NC_046954.1:29032-29727	+		PROTEIN_CODING			0		YP_009755836.1		231	membrane protein
54124708	N	nucleocapsid protein	Rodent coronavirus		2050018	NC_046954.1:29738-31093	+		PROTEIN_CODING			0		YP_009755837.1		451	nucleocapsid protein
54124709	ORF1ab	ORF1a polyprotein;ORF1ab polyprotein	Rodent coronavirus		2050018	NC_046954.1:211-21596	+		PROTEIN_CODING			0		YP_009755832.1		7128	ORF1ab polyprotein
54124709	ORF1ab	ORF1a polyprotein;ORF1ab polyprotein	Rodent coronavirus		2050018	NC_046954.1:211-21596	+		PROTEIN_CODING			0		YP_009944265.1		4418	ORF1a polyprotein
54124711	HGI19_gp2	spike glycoprotein	Shrew coronavirus		2050019	NC_046955.1:19485-23150	+		PROTEIN_CODING			0		YP_009755839.1		1221	spike glycoprotein
54124712	HGI19_gp3	envelope protein	Shrew coronavirus		2050019	NC_046955.1:24614-24850	+		PROTEIN_CODING			0		YP_009755840.1		78	envelope protein
54124713	HGI19_gp4	membrane protein	Shrew coronavirus		2050019	NC_046955.1:24857-25546	+		PROTEIN_CODING			0		YP_009755841.1		229	membrane protein
54124714	HGI19_gp5	nucleocapsid protein	Shrew coronavirus		2050019	NC_046955.1:25565-26770	+		PROTEIN_CODING			0		YP_009755842.1		401	nucleocapsid protein
54124715	HGI19_gp1	ORF1ab polyprotein	Shrew coronavirus		2050019	NC_046955.1:340-19484	+		PROTEIN_CODING			0		YP_009755838.1		6381	ORF1ab polyprotein
11273166	PRCV_gp02	ORF1a polyprotein	Rat coronavirus Parker		502102	NC_012936.1:183-13577	+		PROTEIN_CODING			0		YP_003029845.1		4464	ORF1a polyprotein
11273167	PRCV_gp03	32 kD non-structural protein	Rat coronavirus Parker		502102	NC_012936.1:21714-22511	+		PROTEIN_CODING			0		YP_003029846.1		265	32 kD non-structural protein
11273168	HE	hemagglutinin-esterase	Rat coronavirus Parker		502102	NC_012936.1:22557-23876	+		PROTEIN_CODING			0		YP_003029847.1		439	hemagglutinin-esterase
11273169	S	spike protein	Rat coronavirus Parker		502102	NC_012936.1:23891-27973	+		PROTEIN_CODING			0		YP_003029848.1		1360	spike protein
11273170	PRCV_gp06	15 kD non-structural protein	Rat coronavirus Parker		502102	NC_012936.1:28064-28465	+		PROTEIN_CODING			0		YP_003029849.1		133	15 kD non-structural protein
11273171	E	envelope protein	Rat coronavirus Parker		502102	NC_012936.1:28639-28905	+		PROTEIN_CODING			0		YP_003029850.1		88	envelope protein
11273172	M	membrane protein	Rat coronavirus Parker		502102	NC_012936.1:28902-29588	+		PROTEIN_CODING			0		YP_003029851.1		228	membrane protein
11273173	N	nucleocapsid protein	Rat coronavirus Parker		502102	NC_012936.1:29603-30967	+		PROTEIN_CODING			0		YP_003029852.1		454	nucleocapsid protein
11273174	PRCV_gp10	internal protein	Rat coronavirus Parker		502102	NC_012936.1:29667-30290	+		PROTEIN_CODING			0		YP_003029853.1		207	internal protein
11273175	ORF1ab	ORF1ab polyprotein	Rat coronavirus Parker		502102	NC_012936.1:183-21700	+		PROTEIN_CODING			0		YP_003029844.1		7172	ORF1ab polyprotein
16607888	S	spike glycoprotein	Bat coronavirus CDPHE15/USA/2006		1384461	NC_022103.1:20553-24647	+		PROTEIN_CODING			0		YP_008439202.1		1364	spike glycoprotein
16607889	PP1a	replicase polyprotein 1a	Bat coronavirus CDPHE15/USA/2006		1384461	NC_022103.1:80-12562	+		PROTEIN_CODING			0		YP_008439201.1		4160	replicase polyprotein 1a
16607890	NS3	non-structural protein 3	Bat coronavirus CDPHE15/USA/2006		1384461	NC_022103.1:24647-25324	+		PROTEIN_CODING			0		YP_008439203.1		225	non-structural protein 3
16607891	E	envelope small membrane protein	Bat coronavirus CDPHE15/USA/2006		1384461	NC_022103.1:25308-25532	+		PROTEIN_CODING			0		YP_008439204.1		74	envelope small membrane protein
16607892	M	membrane protein	Bat coronavirus CDPHE15/USA/2006		1384461	NC_022103.1:25539-26219	+		PROTEIN_CODING			0		YP_008439205.1		226	membrane protein
16607893	N	nucleoprotein	Bat coronavirus CDPHE15/USA/2006		1384461	NC_022103.1:26230-27507	+		PROTEIN_CODING			0		YP_008439206.1		425	nucleoprotein
16607894	PP1ab	replicase polyprotein 1ab	Bat coronavirus CDPHE15/USA/2006		1384461	NC_022103.1:80-20556	+		PROTEIN_CODING			0		YP_008439200.1		6825	replicase polyprotein 1ab
37619359	nsp 3b		Transmissible gastroenteritis virus		11149	NC_038861.1:25136-25870	+		PSEUDO								
54124704	HE	hemagglutinin-esterase protein	Rodent coronavirus		2050018	NC_046954.1:22459-23742	+		PROTEIN_CODING			0		YP_009755833.1		427	hemagglutinin-esterase protein
55060239	6	nucleocapsid protein	Infectious bronchitis virus		11120	NC_048213.1:25924-27153	+		PROTEIN_CODING			0		YP_009825005.1		409	nucleocapsid protein
55060240	5	5a protein;5b protein	Infectious bronchitis virus		11120	NC_048213.1:25539-25981	+		PROTEIN_CODING			0		YP_009825003.1		65	5a protein
55060240	5	5a protein;5b protein	Infectious bronchitis virus		11120	NC_048213.1:25539-25981	+		PROTEIN_CODING			0		YP_009825004.1		82	5b protein
55060241	3	3a protein;3b protein;3c protein	Infectious bronchitis virus		11120	NC_048213.1:23862-24539	+		PROTEIN_CODING			0		YP_009824999.1		57	3a protein
55060241	3	3a protein;3b protein;3c protein	Infectious bronchitis virus		11120	NC_048213.1:23862-24539	+		PROTEIN_CODING			0		YP_009825000.1		64	3b protein
55060241	3	3a protein;3b protein;3c protein	Infectious bronchitis virus		11120	NC_048213.1:23862-24539	+		PROTEIN_CODING			0		YP_009825001.1		109	3c protein
55060243	4	membrane glycoprotein	Infectious bronchitis virus		11120	NC_048213.1:24511-25188	+		PROTEIN_CODING			0		YP_009825002.1		225	membrane glycoprotein
55060244	HO266_gp1	ORF 1a polyprotein;ORF1ab polyprotein	Infectious bronchitis virus		11120	NC_048213.1:529-20423	+		PROTEIN_CODING			0		YP_009824996.1		6631	ORF1ab polyprotein
55060244	HO266_gp1	ORF 1a polyprotein;ORF1ab polyprotein	Infectious bronchitis virus		11120	NC_048213.1:529-20423	+		PROTEIN_CODING			0		YP_009824997.1		3983	ORF 1a polyprotein
55060285	HO264_gs01	miscRNA	Murine hepatitis virus		11138	NC_048217.1:1-65	+		miscRNA								
18585635	CN73_gp09	hypothetical protein	Mink coronavirus strain WD1127		766791	NC_023760.1:27870-28091	+		PROTEIN_CODING			0		YP_009019188.1		73	hypothetical protein
18585636	CN73_gp10	hypothetical protein orf7b	Mink coronavirus strain WD1127		766791	NC_023760.1:28033-28647	+		PROTEIN_CODING			0		YP_009019189.1		204	hypothetical protein orf7b
26626970	AVU57_gp7	hypothetical protein ORF7	BtRf-AlphaCoV/HuB2013		1503292	NC_028814.1:27111-27359	+		PROTEIN_CODING			0		YP_009199795.1		82	hypothetical protein ORF7
26628035	AVU56_gp3	hypothetical protein ORF3	BtRf-AlphaCoV/YN2012		1503293	NC_028824.1:23679-24368	+		PROTEIN_CODING			0		YP_009200736.1		229	hypothetical protein ORF3
26628971	AVU58_gp3	hypothetical protein ORF3	BtNv-AlphaCoV/SC2013		1503291	NC_028833.1:24114-24737	+		PROTEIN_CODING			0		YP_009201731.1		207	hypothetical protein ORF3
27963649	3x-like	hypothetical protein	Ferret coronavirus		1264898	NC_030292.1:27398-27670	+		PROTEIN_CODING			0		YP_009256202.1		90	hypothetical protein
4835990	NS3a	hypothetical protein	Tylonycteris bat coronavirus HKU4		694007	NC_009019.1:25655-25930	+		PROTEIN_CODING			0		YP_001039954.1		91	hypothetical protein
4835992	NS3b	hypothetical protein	Tylonycteris bat coronavirus HKU4		694007	NC_009019.1:25948-26307	+		PROTEIN_CODING			0		YP_001039955.1		119	hypothetical protein
4835994	NS3c	hypothetical protein	Tylonycteris bat coronavirus HKU4		694007	NC_009019.1:26111-26968	+		PROTEIN_CODING			0		YP_001039956.1		285	hypothetical protein
4835995	NS3d	hypothetical protein	Tylonycteris bat coronavirus HKU4		694007	NC_009019.1:26984-27667	+		PROTEIN_CODING			0		YP_001039957.1		227	hypothetical protein
4836004	NS3a	hypothetical protein	Pipistrellus bat coronavirus HKU5		694008	NC_009020.1:25756-26121	+		PROTEIN_CODING			0		YP_001039963.1		121	hypothetical protein
4836005	NS3b	hypothetical protein	Pipistrellus bat coronavirus HKU5		694008	NC_009020.1:26134-26493	+		PROTEIN_CODING			0		YP_001039964.1		119	hypothetical protein
4836006	NS3c	hypothetical protein	Pipistrellus bat coronavirus HKU5		694008	NC_009020.1:26375-27145	+		PROTEIN_CODING			0		YP_001039965.1		256	hypothetical protein
4836007	NS3d	hypothetical protein	Pipistrellus bat coronavirus HKU5		694008	NC_009020.1:27154-27825	+		PROTEIN_CODING			0		YP_001039966.1		223	hypothetical protein
4836010	NS7a	hypothetical protein NS7a	Rousettus bat coronavirus HKU9		694006	NC_009021.1:27869-28426	+		PROTEIN_CODING			0		YP_001039976.1		185	hypothetical protein NS7a
4836011	NS7b	hypothetical protein NS7b	Rousettus bat coronavirus HKU9		694006	NC_009021.1:28433-28882	+		PROTEIN_CODING			0		YP_001039977.1		149	hypothetical protein NS7b
4836013	NS3	hypothetical protein NS3	Rousettus bat coronavirus HKU9		694006	NC_009021.1:24795-25457	+		PROTEIN_CODING			0		YP_001039972.1		220	hypothetical protein NS3
55060233	HO265_gp7	hypothetical protein ORFx	Bat coronavirus		1508220	NC_048212.1:27726-28277	+		PROTEIN_CODING			0		YP_009824994.1		183	hypothetical protein ORFx
55060234	HO265_gp8	hypothetical protein ORFy	Bat coronavirus		1508220	NC_048212.1:28278-28718	+		PROTEIN_CODING			0		YP_009824995.1		146	hypothetical protein ORFy
55060253	ORFX	hypothetical protein	Duck coronavirus		300188	NC_048214.1:25224-25508	+		PROTEIN_CODING			0		YP_009825013.1		94	hypothetical protein
55060257	ORFY	hypothetical protein	Duck coronavirus		300188	NC_048214.1:27246-27458	+		PROTEIN_CODING			0		YP_009825017.1		70	hypothetical protein
5741382	NS7a	hypothetical protein	Rhinolophus bat coronavirus HKU2		693998	NC_009988.1:26608-26907	+		PROTEIN_CODING			0		YP_001552241.1		99	hypothetical protein
5741385	NS3	hypothetical protein	Rhinolophus bat coronavirus HKU2		693998	NC_009988.1:23862-24551	+		PROTEIN_CODING			0		YP_001552237.1		229	hypothetical protein
6020265	ORF7	hypothetical protein	Miniopterus bat coronavirus HKU8		694001	NC_010438.1:27788-28534	+		PROTEIN_CODING			0		YP_001718617.1		248	hypothetical protein
6353559	ORFX	hypothetical protein	Turkey coronavirus		11152	NC_010800.1:25309-25593	+		PROTEIN_CODING			0		YP_001941171.1		94	hypothetical protein
26626798	AVU60_gp3	hypothetical protein ORF3	BtMr-AlphaCoV/SAX2011		1503289	NC_028811.1:24448-25107	+		PROTEIN_CODING			0		YP_009199610.1		219	hypothetical protein ORF3
26626966	AVU57_gp3	hypothetical protein ORF3	BtRf-AlphaCoV/HuB2013		1503292	NC_028814.1:24338-25027	+		PROTEIN_CODING			0		YP_009199791.1		229	hypothetical protein ORF3
